seed,method,knob,lr,key,val_acc,val_bacc,val_spd,val_eod,val_spd_soft,val_eod_soft,val_n,val_n_female,test_acc,test_bacc,test_spd,test_eod,test_spd_soft,test_eod_soft,test_n,test_n_female
42,fedavg,0.0,0.01,fedavg|0.0,0.8292682926829268,0.8286546610169492,-0.2756521739130434,-0.011494252873563204,-0.3020742802143745,-0.09409556704862365,123,23,0.8149606299212598,0.8141562713337056,-0.3432539682539683,-0.1954022988505747,-0.29403360170452664,-0.18904350395260872,254,56
42,fairtrade_dp_local,1.0,0.01,fairtrade_dp_local|1,0.7723577235772358,0.7726430084745763,-0.1921739130434783,0.074712643678161,-0.1735246102204141,0.04133211324612296,123,23,0.7952755905511811,0.7948240551107801,-0.14484126984126988,-0.010344827586206806,-0.13997771974161138,-0.05625313522144304,254,56
42,fairtrade_dp_local,3.0,0.01,fairtrade_dp_local|3,0.7642276422764228,0.7648305084745763,-0.12869565217391304,0.09195402298850575,-0.10709257695742919,0.09267698605170194,123,23,0.7716535433070866,0.7714267982374481,-0.0889249639249639,0.024137931034482807,-0.0500388874955916,0.03203182952243022,254,56
42,fairtrade_dp_local,10.0,0.01,fairtrade_dp_local|10,0.7479674796747967,0.7485434322033898,-0.07521739130434785,0.10919540229885061,-0.05695213592894699,0.12047970860168855,123,23,0.7519685039370079,0.7513498417426923,0.010461760461760394,0.10804597701149432,-0.0030947108262502354,0.06238461510631543,254,56
42,fairtrade_dp_local,30.0,0.01,fairtrade_dp_local|30,0.7560975609756098,0.7563559322033898,-0.08521739130434786,0.09195402298850575,-0.02930432106489722,0.1339024995164625,123,23,0.7401574803149606,0.7398994600633029,0.0027056277056277667,0.13390804597701156,0.031058418357537865,0.09244404937429673,254,56
42,fairtrade_dp_local,100.0,0.01,fairtrade_dp_local|100,0.7560975609756098,0.7563559322033898,-0.13869565217391305,0.09195402298850575,-0.03458775187964025,0.12029002311414683,123,23,0.7283464566929134,0.7279525848693602,0.06637806637806631,0.14252873563218393,0.038250287621138246,0.07291235388524231,254,56
42,fairtrade_dp_local,300.0,0.01,fairtrade_dp_local|300,0.7479674796747967,0.7492055084745763,-0.10869565217391303,0.12643678160919547,-0.03650783751645814,0.09783801727596375,123,23,0.7204724409448819,0.7205672438403774,0.08658008658008653,0.16839080459770117,0.029652299969571305,0.03394326472162512,254,56
42,fairtrade_dp_local,1000.0,0.01,fairtrade_dp_local|1000,0.6991869918699187,0.7003442796610169,-0.05521739130434783,0.17816091954022995,-0.017914602657699064,0.07512234716579835,123,23,0.7244094488188977,0.7248805312480606,0.01010101010101011,0.02643678160919538,0.020386512578071225,-6.25408928970339e-05,254,56
42,fairtrade_eo_local,1.0,0.01,fairtrade_eo_local|1,0.8130081300813008,0.8130296610169492,-0.2556521739130435,0.02298850574712652,-0.23961759531222615,-0.018727130160249517,123,23,0.7992125984251969,0.7986408490039099,-0.2644300144300144,-0.018965517241379293,-0.22957836170069346,-0.12739061656268857,254,56
42,fairtrade_eo_local,3.0,0.01,fairtrade_eo_local|3,0.7967479674796748,0.7960805084745763,-0.22217391304347822,0.02298850574712652,-0.22245005729810702,-0.011743563345108954,123,23,0.8070866141732284,0.8060261900328927,-0.23881673881673876,-0.04482758620689653,-0.21338803966329428,-0.12169555763917417,254,56
42,fairtrade_eo_local,10.0,0.01,fairtrade_eo_local|10,0.7723577235772358,0.7719809322033898,-0.21217391304347832,0.05747126436781613,-0.20395441451555363,0.0005632756470606015,123,23,0.8031496062992126,0.8022093961397629,-0.2566738816738816,-0.1114942528735633,-0.20807501466427075,-0.14059640987637056,254,56
42,fairtrade_eo_local,30.0,0.01,fairtrade_eo_local|30,0.7642276422764228,0.7641684322033898,-0.20217391304347831,0.074712643678161,-0.1867873663876367,0.02181231744330503,123,23,0.7992125984251969,0.7986408490039099,-0.2644300144300144,-0.16954022988505746,-0.20410345653419731,-0.14248070478567787,254,56
42,fairtrade_eo_local,100.0,0.01,fairtrade_eo_local|100,0.7886178861788617,0.7889300847457628,-0.1921739130434783,0.05747126436781613,-0.17694645849663926,0.020841483925950977,123,23,0.7874015748031497,0.7871904673245206,-0.27218614718614725,-0.0683908045977012,-0.20191193982981637,-0.11150987510323185,254,56
42,fairtrade_eo_local,300.0,0.01,fairtrade_eo_local|300,0.7804878048780488,0.7791313559322034,-0.24217391304347824,0.02298850574712652,-0.18378000266849992,0.00425211909687373,123,23,0.7598425196850394,0.7584869360143983,-0.24891774891774893,-0.07701149425287357,-0.20028967421782745,-0.10509124858968555,254,56
42,fairtrade_eo_local,1000.0,0.01,fairtrade_eo_local|1000,0.7642276422764228,0.7621822033898304,-0.208695652173913,0.02298850574712652,-0.16998558712394346,0.004337354980666008,123,23,0.7401574803149606,0.7374169924905356,-0.23575036075036082,-0.1028735632183908,-0.19165679735493069,-0.11434300366318084,254,56
42,fairtrade_eo_global,1.0,0.01,fairtrade_eo_global|1,0.8211382113821138,0.8208421610169492,-0.2656521739130434,0.005747126436781658,-0.24002533272880583,-0.01812526896253397,123,23,0.7874015748031497,0.7866939738099672,-0.24657287157287155,-0.010344827586206806,-0.21893202017775693,-0.09995045837914118,254,56
42,fairtrade_eo_global,3.0,0.01,fairtrade_eo_global|3,0.8130081300813008,0.8130296610169492,-0.20217391304347831,0.02298850574712652,-0.1926853391819674,0.029265593908641474,123,23,0.7952755905511811,0.7948240551107801,-0.21356421356421357,-0.010344827586206806,-0.16516765628868785,-0.04715667363555953,254,56
42,fairtrade_eo_global,10.0,0.01,fairtrade_eo_global|10,0.8048780487804879,0.8058792372881356,-0.1721739130434783,0.05747126436781613,-0.1537162327102345,0.06472301082792631,123,23,0.7834645669291339,0.7831254266741141,-0.16269841269841273,0.006896551724137945,-0.12002814382289145,-0.006602642963501215,254,56
42,fairtrade_eo_global,30.0,0.01,fairtrade_eo_global|30,0.7804878048780488,0.7817796610169492,-0.10869565217391303,0.09195402298850575,-0.13219319421797993,0.08665336274552615,123,23,0.7755905511811023,0.7754918388878544,-0.15259740259740256,0.024137931034482807,-0.092765542288468,0.012286696865640878,254,56
42,fairtrade_eo_global,100.0,0.01,fairtrade_eo_global|100,0.7723577235772358,0.7733050847457628,-0.1721739130434783,0.09195402298850575,-0.1263115305583114,0.09220044725927812,123,23,0.7677165354330708,0.7658722770433811,-0.10876623376623379,0.04770114942528736,-0.08490253255408914,0.0029115275383509998,254,56
42,fairtrade_eo_global,300.0,0.01,fairtrade_eo_global|300,0.7235772357723578,0.7231197033898304,-0.10521739130434787,0.10919540229885061,-0.1041562775777572,0.0916715385499356,123,23,0.7755905511811023,0.7742506051014708,-0.20310245310245306,-0.09425287356321843,-0.09751670422051961,-0.03268824324076025,254,56
42,fairtrade_eo_global,1000.0,0.01,fairtrade_eo_global|1000,0.7479674796747967,0.7472192796610169,-0.11521739130434788,0.074712643678161,-0.10707191207405659,0.0841338957349459,123,23,0.7834645669291339,0.7821324396450071,-0.1572871572871573,0.04770114942528736,-0.08584090004020617,-0.009774047971285671,254,56
42,fedfb,0.003,0.01,fedfb|0.003,0.8292682926829268,0.8286546610169492,-0.2756521739130434,-0.011494252873563204,-0.29021511925303417,-0.07917897488879067,123,23,0.8149606299212598,0.8141562713337056,-0.3203463203463204,-0.12011494252873567,-0.2789098098749781,-0.1710237886628201,254,56
42,fedfb,0.01,0.01,fedfb|0.01,0.8292682926829268,0.8293167372881356,-0.2556521739130435,0.005747126436781658,-0.264053989932265,-0.04665274335735148,123,23,0.7952755905511811,0.7948240551107801,-0.2822871572871573,-0.08563218390804606,-0.24609836910345323,-0.13305401985758336,254,56
42,fedfb,0.03,0.01,fedfb|0.03,0.8130081300813008,0.814353813559322,-0.21565217391304348,0.05747126436781613,-0.20266591786042504,0.023795887142762373,123,23,0.7834645669291339,0.7833736734313907,-0.19841269841269843,0.015517241379310431,-0.16829980936903954,-0.049929337409035934,254,56
42,fedfb,0.1,0.01,fedfb|0.1,0.7886178861788617,0.7902542372881356,-0.15217391304347827,0.09195402298850575,-0.1040969673446987,0.11894996650516987,123,23,0.7677165354330708,0.767858251101595,-0.09668109668109676,0.1166666666666667,-0.04416511521955563,0.06217112089881949,254,56
42,fedfb,0.3,0.01,fedfb|0.3,0.7886178861788617,0.7902542372881356,-0.15217391304347827,0.09195402298850575,-0.09345660321576443,0.12831842706635077,123,23,0.7637795275590551,0.7637932104511885,-0.07882395382395385,0.1166666666666667,-0.031567172455758574,0.07166645415983663,254,56
42,fedfb,1.0,0.01,fedfb|1,0.7560975609756098,0.759666313559322,-0.14565217391304347,0.17816091954022995,-0.08682336271133112,0.149978551157247,123,23,0.7480314960629921,0.7495190219077763,-0.08694083694083693,0.18563218390804603,-0.037039448629760996,0.08288007399131514,254,56
42,fedfb,3.0,0.01,fedfb|3,0.7073170731707317,0.712791313559322,-0.08565217391304347,0.2816091954022989,-0.08654342776731305,0.15128114836654438,123,23,0.7244094488188977,0.729100726121765,-0.07016594516594521,0.09770114942528729,-0.06608145543919075,0.05606597566698812,254,56
42,fedfuel_dp,0.025,0.01,fedfuel_dp|0.025,0.7967479674796748,0.7980667372881356,-0.16217391304347828,0.074712643678161,-0.12595833442133403,0.08354617918616736,123,23,0.7677165354330708,0.768851238130702,-0.125,0.1511494252873563,-0.10544205674583101,0.02794894141883686,254,56
42,fedfuel_dp,0.05,0.01,fedfuel_dp|0.05,0.7398373983739838,0.7400688559322034,-0.0317391304347826,0.2931034482758621,-0.02989196365837732,0.2563178391582547,123,23,0.6732283464566929,0.6745174703655433,0.15999278499278502,0.26321839080459775,0.10163864073729467,0.18870464168320378,254,56
42,fedfuel_dp,0.1,0.01,fedfuel_dp|0.1,0.7560975609756098,0.7563559322033898,-0.08521739130434786,0.09195402298850575,0.015759794443299113,0.17446890917349733,123,23,0.7047244094488189,0.7055483150251349,0.11688311688311687,0.21149425287356327,0.10952318309753206,0.21578579720045477,254,56
42,fedfuel_dp,0.2,0.01,fedfuel_dp|0.2,0.7642276422764228,0.7668167372881356,-0.12217391304347824,0.14367816091954022,0.008321817064779302,0.22334255186048724,123,23,0.7204724409448819,0.7223049711413145,-0.0030663780663780504,0.153448275862069,0.05745148886946633,0.19371929260388265,254,56
42,fedfuel_dp,0.4,0.01,fedfuel_dp|0.4,0.7479674796747967,0.7465572033898304,-0.1352173913043478,0.05747126436781613,-0.11782736990497694,0.06761416285593147,123,23,0.7283464566929134,0.7284490783839136,-0.050865800865800836,0.009195402298850519,-0.06271628998952744,-0.017976217460933586,254,56
42,fedfuel_eo,0.025,0.01,fedfuel_eo|0.025,0.7560975609756098,0.7563559322033898,-0.13869565217391305,0.09195402298850575,-0.11632283057450604,0.11566487596980457,123,23,0.7519685039370079,0.7513498417426923,-0.03535353535353536,0.10804597701149432,-0.04873334395972684,0.07300173276393063,254,56
42,fedfuel_eo,0.05,0.01,fedfuel_eo|0.05,0.7804878048780488,0.7797934322033898,-0.22217391304347822,0.04022988505747127,-0.22438893900131396,0.023525590740743785,123,23,0.7795275590551181,0.7783156457518774,-0.2209595959595959,-0.09425287356321843,-0.19619404201793605,-0.09346529065749076,254,56
42,fedfuel_eo,0.1,0.01,fedfuel_eo|0.1,0.7886178861788617,0.7882680084745763,-0.21217391304347832,0.04022988505747127,-0.2074882833456998,0.01346787786774939,123,23,0.7440944881889764,0.7449574877428163,-0.158008658008658,-0.05747126436781613,-0.16888022994627516,-0.0638483779012472,254,56
42,fedfuel_eo,0.2,0.01,fedfuel_eo|0.2,0.7723577235772358,0.7666843220338984,-0.318695652173913,-0.08045977011494254,-0.3484534100090842,-0.11041427175808782,123,23,0.7874015748031497,0.7852044932663067,-0.3988095238095238,-0.2879310344827587,-0.37307479734731436,-0.2514593231117075,254,56
42,fedfuel_eo,0.4,0.01,fedfuel_eo|0.4,0.7723577235772358,0.7706567796610169,-0.198695652173913,0.02298850574712652,-0.2476428492691206,-0.017676884404801085,123,23,0.7637795275590551,0.7630484701793583,-0.24657287157287155,-0.05977011494252882,-0.25514571444607853,-0.12277153089813808,254,56
43,fedavg,0.0,0.03,fedavg|0.0,0.7886178861788617,0.7895921610169492,-0.43518518518518523,-0.21804511278195493,-0.3766331204916005,-0.1687070383575925,123,27,0.7795275590551181,0.7800533730528145,-0.31060606060606055,-0.18448275862068964,-0.30751725787998746,-0.21871481173853768,254,56
43,fairtrade_dp_local,1.0,0.03,fairtrade_dp_local|1,0.7804878048780488,0.7817796610169492,-0.2824074074074074,0.12030075187969924,-0.24777160759765177,0.015451453756867739,123,27,0.7834645669291339,0.7838701669459442,-0.1782106782106782,0.03275862068965518,-0.1477376352125459,-0.04710738519313684,254,56
43,fairtrade_dp_local,3.0,0.03,fairtrade_dp_local|3,0.7560975609756098,0.7583421610169492,-0.20370370370370372,0.1729323308270676,-0.17578834681599226,0.07713883250652998,123,27,0.7913385826771654,0.7917520014894806,-0.08658008658008659,0.09942528735632183,-0.07929534735769561,0.004520375996656778,254,56
43,fairtrade_dp_local,10.0,0.03,fairtrade_dp_local|10,0.7479674796747967,0.7498675847457628,-0.16666666666666669,0.1729323308270676,-0.11721683395336624,0.13371816972144568,123,27,0.7874015748031497,0.787686960839074,-0.04581529581529575,0.09942528735632183,-0.021059505813479595,0.05526895736740234,254,56
43,fairtrade_dp_local,30.0,0.03,fairtrade_dp_local|30,0.7560975609756098,0.7583421610169492,-0.20370370370370372,0.1729323308270676,-0.12462793986627801,0.17364658574972835,123,27,0.7716535433070866,0.7716750449947247,-0.010101010101010055,0.10804597701149432,0.009393319565517921,0.07896234946239788,254,56
43,fairtrade_dp_local,100.0,0.03,fairtrade_dp_local|100,0.7642276422764228,0.7661546610169492,-0.21412037037037035,0.15538847117794485,-0.1411771557339105,0.1419228552595565,123,27,0.7519685039370079,0.7508533482281388,0.013167388167388161,0.09080459770114946,0.022831877726795402,0.06526678279898634,254,56
43,fairtrade_dp_local,300.0,0.03,fairtrade_dp_local|300,0.7317073170731707,0.7355667372881356,-0.19907407407407407,0.24310776942355883,-0.12697057749675067,0.11892906731382047,123,27,0.7283464566929134,0.7277043381120833,0.05627705627705626,0.13390804597701156,0.035487520604556955,0.0718026078338253,254,56
43,fairtrade_dp_local,1000.0,0.03,fairtrade_dp_local|1000,0.7154471544715447,0.7199417372881356,-0.17824074074074076,0.1177944862155389,-0.1397779750787541,0.05536168477122194,123,27,0.6811023622047244,0.6826475516663564,0.03264790764790765,0.03735632183908044,0.0037143943837372184,0.0022934646195806874,254,56
43,fairtrade_eo_local,1.0,0.03,fairtrade_eo_local|1,0.7642276422764228,0.7648305084745763,-0.30324074074074076,0.12030075187969924,-0.26959800078637064,-0.030562169028254704,123,27,0.7677165354330708,0.7683547446161485,-0.2139249639249639,-0.09195402298850575,-0.18111394906704126,-0.07342995085336013,254,56
43,fairtrade_eo_local,3.0,0.03,fairtrade_eo_local|3,0.7560975609756098,0.7556938559322034,-0.2870370370370371,0.10275689223057638,-0.26358046616574193,-0.008214353917535444,123,27,0.7677165354330708,0.7683547446161485,-0.2139249639249639,-0.09195402298850575,-0.16733323070079542,-0.05597633634233612,254,56
43,fairtrade_eo_local,10.0,0.03,fairtrade_eo_local|10,0.7479674796747967,0.7485434322033898,-0.30324074074074076,0.137844611528822,-0.2423254223583542,-0.0073341866931818656,123,27,0.7559055118110236,0.7556631291503755,-0.13474025974025972,0.04137931034482767,-0.13371006652550216,-0.04004676259369,254,56
43,fairtrade_eo_local,30.0,0.03,fairtrade_eo_local|30,0.7235772357723578,0.7237817796610169,-0.21875000000000006,-0.005012531328320802,-0.184984980690017,0.002856494471393467,123,27,0.7244094488188977,0.7243840377335071,-0.03300865800865799,0.1597701149425288,-0.08054648480723475,0.02166668066605071,254,56
43,fairtrade_eo_local,100.0,0.03,fairtrade_eo_local|100,0.6747967479674797,0.6762447033898304,-0.2245370370370371,-0.07769423558897248,-0.1703160161549156,-0.021079220363221407,123,27,0.7244094488188977,0.7251287780053373,-0.09433621933621938,0.03505747126436776,-0.08632177764396648,-0.004293734869309507,254,56
43,fairtrade_eo_local,300.0,0.03,fairtrade_eo_local|300,0.7398373983739838,0.7420550847457628,-0.20370370370370372,0.03007518796992481,-0.18032041594549947,-0.037186983398588946,123,27,0.7519685039370079,0.7520945820145224,-0.11958874458874458,-0.01666666666666672,-0.0842306389403496,-0.011000039745336254,254,56
43,fairtrade_eo_local,1000.0,0.03,fairtrade_eo_local|1000,0.7317073170731707,0.7342425847457628,-0.19328703703703703,0.04761904761904767,-0.202704457380201,-0.08779245437960848,123,27,0.7401574803149606,0.7403959535778564,-0.13744588744588743,0.0005747126436781436,-0.08622107667778578,-0.03052150473298354,254,56
43,fairtrade_eo_global,1.0,0.03,fairtrade_eo_global|1,0.7642276422764228,0.7648305084745763,-0.30324074074074076,0.12030075187969924,-0.3092350133962032,-0.06295293782438549,123,27,0.7795275590551181,0.7803016198100913,-0.25468975468975474,-0.10057471264367823,-0.22618753859177937,-0.1217161668871326,254,56
43,fairtrade_eo_global,3.0,0.03,fairtrade_eo_global|3,0.7642276422764228,0.7654925847457628,-0.2824074074074074,0.137844611528822,-0.2657377089770442,-0.011437240922660186,123,27,0.7716535433070866,0.7721715385092782,-0.19606782106782106,-0.025287356321839094,-0.17689848493738974,-0.06759900514935624,254,56
43,fairtrade_eo_global,10.0,0.03,fairtrade_eo_global|10,0.7398373983739838,0.7407309322033898,-0.15046296296296302,0.15538847117794485,-0.16216778630580475,0.08531746184243294,123,27,0.7559055118110236,0.756159622664929,-0.09163059163059167,0.13390804597701156,-0.0695577377573054,0.03559359863143541,254,56
43,fairtrade_eo_global,30.0,0.03,fairtrade_eo_global|30,0.7560975609756098,0.7583421610169492,-0.20370370370370372,0.1729323308270676,-0.1526172804490974,0.11804709243669842,123,27,0.7637795275590551,0.7637932104511885,-0.07882395382395385,0.1166666666666667,-0.034326157485595865,0.06858228205692496,254,56
43,fairtrade_eo_global,100.0,0.03,fairtrade_eo_global|100,0.7560975609756098,0.7556938559322034,-0.14467592592592599,0.10275689223057638,-0.07682908879575767,0.13101651243174584,123,27,0.7598425196850394,0.7589834295289517,-0.022546897546897537,0.09080459770114946,0.010132695775355471,0.07501856731786127,254,56
43,fairtrade_eo_global,300.0,0.03,fairtrade_eo_global|300,0.7398373983739838,0.7387447033898304,-0.07060185185185192,0.10275689223057638,-0.07490490696229107,0.12892733527380118,123,27,0.7519685039370079,0.7498603611990319,-0.0043290043290044045,0.056321839080459846,0.01611913527358011,0.06358209793273917,254,56
43,fairtrade_eo_global,1000.0,0.03,fairtrade_eo_global|1000,0.7479674796747967,0.7492055084745763,-0.18750000000000006,0.15538847117794485,-0.1738308613184253,0.10539592798789943,123,27,0.7795275590551181,0.7783156457518774,-0.15223665223665223,0.056321839080459846,-0.11624741200579414,0.03125044883325179,254,56
43,fedfb,0.003,0.03,fedfb|0.003,0.7804878048780488,0.7817796610169492,-0.4247685185185185,-0.20050125313283207,-0.3654355455828071,-0.15054670616722943,123,27,0.7755905511811023,0.7759883324024079,-0.31565656565656564,-0.18448275862068964,-0.29379488650069696,-0.19931634336110504,254,56
43,fedfb,0.01,0.03,fedfb|0.01,0.7886178861788617,0.7895921610169492,-0.3402777777777778,0.10275689223057638,-0.3329629249896647,-0.0975080137526182,123,27,0.7834645669291339,0.7843666604604977,-0.2725468975468976,-0.10057471264367823,-0.25178149345711887,-0.1508001802810307,254,56
43,fedfb,0.03,0.03,fedfb|0.03,0.7723577235772358,0.7733050847457628,-0.2928240740740741,0.12030075187969924,-0.26125629122705296,0.005105536757853968,123,27,0.7716535433070866,0.772419785266555,-0.16305916305916307,0.05862068965517242,-0.16398732647807757,-0.05110176079745943,254,56
43,fedfb,0.1,0.03,fedfb|0.1,0.7560975609756098,0.7576800847457628,-0.2245370370370371,0.15538847117794485,-0.15198335441959054,0.12764344321456467,123,27,0.7598425196850394,0.7602246633153354,-0.0636724386724386,0.13390804597701156,-0.033729342526042594,0.06998892903499221,254,56
43,fedfb,0.3,0.03,fedfb|0.3,0.7560975609756098,0.7576800847457628,-0.2245370370370371,0.15538847117794485,-0.14882267310706626,0.13176416155688442,123,27,0.7637795275590551,0.7642897039657419,-0.05862193362193363,0.13390804597701156,-0.029145984409153947,0.07386362804849256,254,56
43,fedfb,1.0,0.03,fedfb|1,0.7560975609756098,0.7576800847457628,-0.2245370370370371,0.15538847117794485,-0.14876753642629076,0.13204242944493338,123,27,0.7637795275590551,0.7642897039657419,-0.05862193362193363,0.13390804597701156,-0.029343662680023197,0.07436283080913553,254,56
43,fedfb,3.0,0.03,fedfb|3,0.7398373983739838,0.7427171610169492,-0.1828703703703704,0.20802005012531322,-0.14742748882552537,0.1350401990059623,123,27,0.7559055118110236,0.7566561161794825,-0.04852092352092352,0.1511494252873563,-0.03000708716662137,0.07954347844867182,254,56
43,fedfuel_dp,0.025,0.03,fedfuel_dp|0.025,0.6991869918699187,0.6976959745762712,-0.22337962962962965,0.137844611528822,-0.20666603491365637,-0.033423466920703304,123,27,0.7519685039370079,0.7525910755290759,-0.2139249639249639,-0.074712643678161,-0.19184968920698736,-0.1041793783784084,254,56
43,fedfuel_dp,0.05,0.03,fedfuel_dp|0.05,0.6910569105691057,0.6892213983050848,-0.23379629629629628,0.137844611528822,-0.1353658977895975,0.10102570355685425,123,27,0.7401574803149606,0.7403959535778564,-0.1145382395382396,0.0005747126436781436,-0.10060301772856345,-0.0035558325163592697,254,56
43,fedfuel_dp,0.1,0.03,fedfuel_dp|0.1,0.7479674796747967,0.7498675847457628,-0.11921296296296297,0.33333333333333337,-0.0549510102004947,0.31235364229859774,123,27,0.7047244094488189,0.7050518215105815,0.07377344877344882,0.3448275862068966,0.087510047171241,0.2675225824816486,254,56
43,fedfuel_dp,0.2,0.03,fedfuel_dp|0.2,0.7398373983739838,0.7420550847457628,-0.15625,0.3508771929824561,-0.10608909504851366,0.2623715183778169,123,27,0.7362204724409449,0.7363309129274499,0.040764790764790726,0.1511494252873563,0.04112051692230212,0.14589982979727545,254,56
43,fedfuel_dp,0.4,0.03,fedfuel_dp|0.4,0.7479674796747967,0.7505296610169492,-0.14583333333333337,0.3508771929824561,-0.14073876539910884,0.2977129787905567,123,27,0.6850393700787402,0.6849748650158258,0.012806637806637822,0.05229885057471262,0.013222061315677491,0.07504390730127464,254,56
43,fedfuel_eo,0.025,0.03,fedfuel_eo|0.025,0.7235772357723578,0.7237817796610169,-0.3136574074074074,0.15538847117794485,-0.3530962973815837,-0.12430866276448527,123,27,0.7677165354330708,0.7686029913734251,-0.36417748917748916,-0.23390804597701154,-0.3105929891308729,-0.19880137877731496,254,56
43,fedfuel_eo,0.05,0.03,fedfuel_eo|0.05,0.7317073170731707,0.7315942796610169,-0.3240740740740741,0.137844611528822,-0.34621419986985896,-0.11738415166997074,123,27,0.7598425196850394,0.7607211568298888,-0.36417748917748916,-0.22528735632183905,-0.3100536387883433,-0.1995132428947194,254,56
43,fedfuel_eo,0.1,0.03,fedfuel_eo|0.1,0.6504065040650406,0.6468485169491525,-0.42824074074074076,-0.022556390977443552,-0.34198622244487825,-0.05047368183545298,123,27,0.7007874015748031,0.6970148327437473,-0.2532467532467532,-0.09425287356321843,-0.24415791700789835,-0.08903242275118828,254,56
43,fedfuel_eo,0.2,0.03,fedfuel_eo|0.2,0.7642276422764228,0.7648305084745763,-0.3506944444444444,0.12030075187969924,-0.38200220625586645,0.019669646152585818,123,27,0.7362204724409449,0.7345931856265128,-0.23611111111111116,0.015517241379310431,-0.2229389497030279,-0.0750357193487674,254,56
43,fedfuel_eo,0.4,0.03,fedfuel_eo|0.4,0.7317073170731707,0.7322563559322034,-0.2557870370370371,-0.005012531328320802,-0.257823446664852,-0.023643380814550752,123,27,0.7677165354330708,0.7663687705579346,-0.18019480519480524,-0.08563218390804606,-0.2042596802623612,-0.08278560012610825,254,56
44,fedavg,0.0,0.01,fedavg|0.0,0.8536585365853658,0.8547404661016949,-0.32240259740259747,-0.05858585858585852,-0.282606798508386,-0.06653000220957428,123,35,0.8149606299212598,0.8151492583628126,-0.30284992784992787,-0.16091954022988508,-0.27841875987620635,-0.19003281258474813,254,56
44,fairtrade_dp_local,1.0,0.01,fairtrade_dp_local|1,0.7967479674796748,0.7993908898305084,-0.18571428571428572,0.0505050505050505,-0.15232871946116733,0.05452046513256403,123,35,0.7952755905511811,0.7960652888971638,-0.185966810966811,0.03275862068965518,-0.13399613651206443,-0.02732864422188408,254,56
44,fairtrade_dp_local,3.0,0.01,fairtrade_dp_local|3,0.7804878048780488,0.7837658898305084,-0.12305194805194802,0.08686868686868687,-0.07195973987146825,0.11289280418193703,123,35,0.7795275590551181,0.7803016198100913,-0.07142857142857145,0.12528735632183907,-0.051272933210769034,0.049272651191072936,254,56
44,fairtrade_dp_local,10.0,0.01,fairtrade_dp_local|10,0.7642276422764228,0.7668167372881356,-0.06590909090909086,0.08686868686868687,-0.012486198390894543,0.1521535694599152,123,35,0.7795275590551181,0.7807981133246447,-0.0283189033189033,0.14252873563218393,0.002883262613796289,0.09993882341117688,254,56
44,fairtrade_dp_local,30.0,0.01,fairtrade_dp_local|30,0.7398373983739838,0.7427171610169492,-0.01461038961038963,0.12323232323232325,0.0021374732413171893,0.16968252658843996,123,35,0.7480314960629921,0.7492707751504996,0.04040404040404039,0.17701149425287355,0.032660383266137405,0.1191378646926291,254,56
44,fairtrade_dp_local,100.0,0.01,fairtrade_dp_local|100,0.7479674796747967,0.7505296610169492,-0.06590909090909086,0.10505050505050506,-0.026161842845235206,0.14858923381326172,123,35,0.7440944881889764,0.7447092409855396,0.015151515151515138,0.08448275862068966,0.023419319396679905,0.0710464102269589,254,56
44,fairtrade_dp_local,300.0,0.01,fairtrade_dp_local|300,0.7479674796747967,0.7485434322033898,-0.09415584415584416,0.0505050505050505,-0.04101012398476722,0.12451157872423979,123,35,0.7322834645669292,0.7322658722770434,0.012806637806637822,0.07586206896551728,0.010802123475212366,0.033708547261254496,254,56
44,fairtrade_dp_local,1000.0,0.01,fairtrade_dp_local|1000,0.7235772357723578,0.7231197033898304,-0.1681818181818182,0.0505050505050505,-0.05167869288268706,0.053809369314048006,123,35,0.6141732283464567,0.6137901073667226,0.04852092352092352,0.12126436781609196,-0.000997709669441571,-0.006545732350184963,254,56
44,fairtrade_eo_local,1.0,0.01,fairtrade_eo_local|1,0.8536585365853658,0.8554025423728814,-0.2597402597402597,-0.04040404040404044,-0.2322180574070421,-0.01711376556242361,123,35,0.7992125984251969,0.7998820827902935,-0.2597402597402597,-0.12643678160919547,-0.20446713471366562,-0.11381246727602234,254,56
44,fairtrade_eo_local,3.0,0.01,fairtrade_eo_local|3,0.8292682926829268,0.829978813559322,-0.25389610389610395,-0.04040404040404044,-0.22205843762434146,-0.006437735756238294,123,35,0.7913385826771654,0.7915037547322038,-0.2112193362193362,-0.13505747126436785,-0.18337077511394528,-0.1175695315560048,254,56
44,fairtrade_eo_local,10.0,0.01,fairtrade_eo_local|10,0.8130081300813008,0.8136917372881356,-0.25389610389610395,-0.022222222222222254,-0.2109033213650155,0.004586878042630471,123,35,0.7874015748031497,0.787686960839074,-0.1832611832611833,-0.12643678160919547,-0.16489176203118444,-0.10973766473518021,254,56
44,fairtrade_eo_local,30.0,0.01,fairtrade_eo_local|30,0.8130081300813008,0.8130296610169492,-0.27662337662337666,-0.04040404040404044,-0.18625807556650276,0.03544732136557793,123,35,0.7992125984251969,0.7996338360330169,-0.13239538239538245,-0.05977011494252882,-0.1438567688991686,-0.08068929572814498,254,56
44,fairtrade_eo_local,100.0,0.01,fairtrade_eo_local|100,0.7886178861788617,0.7902542372881356,-0.21980519480519478,0.03232323232323231,-0.1410817148889621,0.07879482727460185,123,35,0.7716535433070866,0.772419785266555,-0.09433621933621938,0.05862068965517242,-0.10619210817718078,-0.023701993465937377,254,56
44,fairtrade_eo_local,300.0,0.01,fairtrade_eo_local|300,0.7723577235772358,0.7733050847457628,-0.20259740259740255,0.03232323232323231,-0.12067160478780986,0.08485440437239822,123,35,0.7755905511811023,0.7762365791596848,-0.12229437229437229,0.050000000000000044,-0.08872948327769681,-0.011549445806906089,254,56
44,fairtrade_eo_local,1000.0,0.01,fairtrade_eo_local|1000,0.7642276422764228,0.761520127118644,-0.24772727272727268,-0.05858585858585852,-0.1121638939534495,0.059406558025364875,123,35,0.7283464566929134,0.7262148575684231,-0.11886724386724384,0.006896551724137945,-0.09020025313335961,-0.029251974110288126,254,56
44,fairtrade_eo_global,1.0,0.01,fairtrade_eo_global|1,0.8455284552845529,0.8469279661016949,-0.27110389610389607,-0.04040404040404044,-0.21453220257777472,0.0003776767187647634,123,35,0.7992125984251969,0.7998820827902935,-0.2368326118326119,-0.05114942528735633,-0.19118002047433025,-0.0844375409614081,254,56
44,fairtrade_eo_global,3.0,0.01,fairtrade_eo_global|3,0.8455284552845529,0.8469279661016949,-0.27110389610389607,-0.04040404040404044,-0.18101306564549535,0.02762178169055418,123,35,0.7874015748031497,0.7879352075963508,-0.17316017316017313,0.03275862068965518,-0.14597677634383888,-0.03986296871698447,254,56
44,fairtrade_eo_global,10.0,0.01,fairtrade_eo_global|10,0.8536585365853658,0.8547404661016949,-0.2425324675324675,-0.05858585858585852,-0.1732533933171495,0.03410631880314663,123,35,0.7913385826771654,0.7917520014894806,-0.13239538239538245,0.024137931034482807,-0.12646918219660674,-0.04230197854340079,254,56
44,fairtrade_eo_global,30.0,0.01,fairtrade_eo_global|30,0.8130081300813008,0.8130296610169492,-0.23668831168831173,-0.04040404040404044,-0.15428565924672727,0.043893982650655694,123,35,0.7834645669291339,0.7836219201886675,-0.11958874458874458,0.024137931034482807,-0.1021362598978714,-0.027560947176026196,254,56
44,fairtrade_eo_global,100.0,0.01,fairtrade_eo_global|100,0.7723577235772358,0.7739671610169492,-0.09999999999999998,0.0505050505050505,-0.1311765824644161,0.06883492730934204,123,35,0.7874015748031497,0.7874387140817973,-0.10173160173160173,0.09080459770114946,-0.09531803683762158,0.011063543683581645,254,56
44,fairtrade_eo_global,300.0,0.01,fairtrade_eo_global|300,0.7886178861788617,0.7882680084745763,-0.20811688311688314,-0.022222222222222254,-0.12221317621818806,0.04808533461105946,123,35,0.7755905511811023,0.7749953453733011,-0.08116883116883111,0.08218390804597708,-0.08429143085610791,-0.010059802516781069,254,56
44,fairtrade_eo_global,1000.0,0.01,fairtrade_eo_global|1000,0.7479674796747967,0.7445709745762712,-0.2305194805194805,-0.05858585858585852,-0.09223318304624656,0.06749205107640743,123,35,0.7519685039370079,0.7491156209272016,-0.14917027417027412,-0.04482758620689653,-0.05650126573483194,-0.014714675079817052,254,56
44,fedfb,0.003,0.01,fedfb|0.003,0.8455284552845529,0.8469279661016949,-0.3110389610389611,-0.04040404040404044,-0.26782571462817584,-0.05095288201112946,123,35,0.8188976377952756,0.8192142990132192,-0.2977994227994228,-0.16091954022988508,-0.26116042078924895,-0.16862083443108644,254,56
44,fedfb,0.01,0.01,fedfb|0.01,0.8455284552845529,0.8469279661016949,-0.27110389610389607,-0.04040404040404044,-0.2377119223018745,-0.020949439027092676,123,35,0.8110236220472441,0.8115807112269595,-0.28769841269841273,-0.14367816091954022,-0.2253143964520109,-0.12567352835816892,254,56
44,fedfb,0.03,0.01,fedfb|0.03,0.8211382113821138,0.8234904661016949,-0.237012987012987,0.014141414141414121,-0.1662248666845746,0.04204189965520244,123,35,0.7834645669291339,0.7843666604604977,-0.158008658008658,0.050000000000000044,-0.14232180029769337,-0.03418495832332247,254,56
44,fedfb,0.1,0.01,fedfb|0.1,0.7723577235772358,0.7739671610169492,-0.09999999999999998,0.0505050505050505,-0.056252577300969664,0.12204345595656019,123,35,0.7637795275590551,0.7645379507230187,-0.04852092352092352,0.14252873563218393,-0.022657060825022723,0.07833168133665092,254,56
44,fedfb,0.3,0.01,fedfb|0.3,0.7642276422764228,0.7661546610169492,-0.08863636363636362,0.06868686868686869,-0.04769766263470249,0.12747461294586004,123,35,0.7637795275590551,0.7645379507230187,-0.04852092352092352,0.14252873563218393,-0.013292422532245052,0.08506653349975057,254,56
44,fedfb,1.0,0.01,fedfb|1,0.7723577235772358,0.7766154661016949,-0.1288961038961039,0.12323232323232325,-0.05974913724432035,0.14109421732148741,123,35,0.7637795275590551,0.7662756780239559,-0.023629148629148666,0.12758620689655176,-0.02670040371603355,0.08367763077733159,254,56
44,fedfb,3.0,0.01,fedfb|3,0.7398373983739838,0.7473516949152542,-0.055194805194805185,0.25050505050505056,-0.09377841503365425,0.13559873115384213,123,35,0.7322834645669292,0.7377273009371315,-0.08567821067821069,0.11494252873563215,-0.0829238575554962,0.01692108493405342,254,56
44,fedfuel_dp,0.025,0.01,fedfuel_dp|0.025,0.7886178861788617,0.7895921610169492,-0.16266233766233762,0.014141414141414121,-0.14933187527424807,0.024308273015600346,123,35,0.7952755905511811,0.7953205486253336,-0.05591630591630592,0.08218390804597708,-0.09988043389066747,-0.014131546442279208,254,56
44,fedfuel_dp,0.05,0.01,fedfuel_dp|0.05,0.7804878048780488,0.7817796610169492,-0.15129870129870127,0.03232323232323231,-0.11371712065483258,0.06449914889203179,123,35,0.7874015748031497,0.7874387140817973,-0.10173160173160173,0.015517241379310431,-0.10248118210926627,-0.0016384387709971193,254,56
44,fedfuel_dp,0.1,0.01,fedfuel_dp|0.1,0.8130081300813008,0.8130296610169492,-0.15681818181818175,-0.04040404040404044,-0.10716100291094999,0.024421909331071245,123,35,0.7755905511811023,0.7752435921305778,-0.09397546897546899,0.015517241379310431,-0.037631454299006495,0.037025110798234895,254,56
44,fedfuel_dp,0.2,0.01,fedfuel_dp|0.2,0.7073170731707317,0.7074947033898304,-0.06558441558441558,0.08686868686868687,-0.10017565862723937,0.09816390175955614,123,35,0.7519685039370079,0.7530875690436294,-0.125,0.09310344827586214,-0.11052594280647665,0.06311954569858336,254,56
44,fedfuel_dp,0.4,0.01,fedfuel_dp|0.4,0.7073170731707317,0.7074947033898304,0.05422077922077917,0.08686868686868687,0.09245311923464161,0.19526383885078957,123,35,0.6653543307086615,0.6634084279774095,0.16612554112554112,0.23505747126436782,0.135343260888392,0.1755273087977849,254,56
44,fedfuel_eo,0.025,0.01,fedfuel_eo|0.025,0.7804878048780488,0.7804555084745763,-0.3165584415584416,-0.004040404040404066,-0.3319566758083446,-0.09363730117641011,123,35,0.7874015748031497,0.7861974802954137,-0.3125901875901876,-0.17816091954022995,-0.31906443406029134,-0.22716747616556865,254,56
44,fedfuel_eo,0.05,0.01,fedfuel_eo|0.05,0.8211382113821138,0.822166313559322,-0.28246753246753253,-0.022222222222222254,-0.27345858574905374,-0.04629951665046239,123,35,0.7677165354330708,0.7681064978588718,-0.22402597402597396,-0.10057471264367823,-0.24838485587450426,-0.16049253777440242,254,56
44,fedfuel_eo,0.1,0.01,fedfuel_eo|0.1,0.8130081300813008,0.8136917372881356,-0.3337662337662338,-0.022222222222222254,-0.2831710509853074,-0.0024245523443126027,123,35,0.7716535433070866,0.7729162787811084,-0.23448773448773452,-0.074712643678161,-0.28778590425052025,-0.1641832055031568,254,56
44,fedfuel_eo,0.2,0.01,fedfuel_eo|0.2,0.6991869918699187,0.6996822033898304,0.02564935064935059,0.10505050505050506,0.035021925555862754,0.1542340214034975,123,35,0.7007874015748031,0.7012350276174517,0.07882395382395385,0.20287356321839078,0.075193961258199,0.16000860742349832,254,56
44,fedfuel_eo,0.4,0.01,fedfuel_eo|0.4,0.7154471544715447,0.7106726694915254,0.04350649350649349,0.07070707070707061,0.0368038372022127,0.1522398489668514,123,35,0.7204724409448819,0.7178365295103333,0.04419191919191923,0.0735632183908046,0.02961556206915328,0.10029080605145069,254,56
45,fedavg,0.0,0.01,fedavg|0.0,0.8373983739837398,0.8358050847457628,-0.5429200293470287,-0.5977011494252873,-0.4598320473999506,-0.4900080855807354,123,29,0.8110236220472441,0.8105877241978527,-0.3739177489177489,-0.253448275862069,-0.3063047674470608,-0.22640206837362942,254,56
45,fairtrade_dp_local,1.0,0.01,fairtrade_dp_local|1,0.8130081300813008,0.8117055084745763,-0.44203961848862805,-0.3793103448275862,-0.3060703370945633,-0.3119992045899746,123,29,0.7913385826771654,0.791255507974927,-0.19841269841269843,0.006896551724137945,-0.1491626088748032,-0.04795866285761197,254,56
45,fairtrade_dp_local,3.0,0.01,fairtrade_dp_local|3,0.8048780487804879,0.8032309322033898,-0.3624358033749083,-0.1954022988505747,-0.2281547314005679,-0.23037839231306112,123,29,0.7716535433070866,0.7714267982374481,-0.0889249639249639,0.09942528735632183,-0.08359925573944377,0.016244644556066112,254,56
45,fairtrade_dp_local,10.0,0.01,fairtrade_dp_local|10,0.7723577235772358,0.7699947033898304,-0.15810711665443877,-0.17816091954022995,-0.13612034634952808,-0.17369548952870673,123,29,0.7598425196850394,0.7599764165580587,-0.050865800865800836,0.12528735632183907,-0.026108455553941146,0.06179842212419406,254,56
45,fairtrade_dp_local,30.0,0.01,fairtrade_dp_local|30,0.7723577235772358,0.7699947033898304,-0.11298606016140861,-0.17816091954022995,-0.127932226338635,-0.15920897513285448,123,29,0.7519685039370079,0.7518463352572458,-0.03805916305916307,0.12528735632183907,-0.00014818530035187738,0.06748790552561312,254,56
45,fairtrade_dp_local,100.0,0.01,fairtrade_dp_local|100,0.7804878048780488,0.7784692796610169,-0.14746881878209828,-0.17816091954022995,-0.11703479392911836,-0.15776589564208332,123,29,0.7519685039370079,0.7518463352572458,-0.03805916305916307,0.12528735632183907,0.0038534624348858237,0.047761230534691945,254,56
45,fairtrade_dp_local,300.0,0.01,fairtrade_dp_local|300,0.7723577235772358,0.7713188559322034,-0.16067498165810717,-0.14367816091954022,-0.09892755580870588,-0.14615347024438707,123,29,0.7362204724409449,0.7365791596847266,0.027958152958153015,0.08448275862068966,0.010310253266831104,0.024789494121896793,254,56
45,fairtrade_dp_local,1000.0,0.01,fairtrade_dp_local|1000,0.7479674796747967,0.7492055084745763,-0.08620689655172414,0.12643678160919547,-0.07884091563708673,-0.12267198357945208,123,29,0.6850393700787402,0.6864643455594861,0.004689754689754688,0.028735632183907955,0.014451014411516083,0.010922862101217845,254,56
45,fairtrade_eo_local,1.0,0.01,fairtrade_eo_local|1,0.8130081300813008,0.8117055084745763,-0.48716067498165805,-0.5632183908045978,-0.34531647361738443,-0.37250847035440904,123,29,0.8070866141732284,0.8065226835474462,-0.24152236652236647,-0.027586206896551668,-0.20433837576859337,-0.09782567978247825,254,56
45,fairtrade_eo_local,3.0,0.01,fairtrade_eo_local|3,0.7886178861788617,0.7869438559322034,-0.45267791636096844,-0.5459770114942528,-0.3780292319215872,-0.43863569100483735,123,29,0.7992125984251969,0.7981443554893565,-0.3075396825396826,-0.1114942528735633,-0.25599087751890476,-0.17615955579041065,254,56
45,fairtrade_eo_local,10.0,0.01,fairtrade_eo_local|10,0.7967479674796748,0.7954184322033898,-0.44203961848862805,-0.5459770114942528,-0.37616460251752415,-0.45040040086398175,123,29,0.8188976377952756,0.8192142990132192,-0.34361471861471865,-0.2362068965517241,-0.264666739064719,-0.19262964568347085,254,56
45,fairtrade_eo_local,30.0,0.01,fairtrade_eo_local|30,0.8048780487804879,0.8045550847457628,-0.4552457813646368,-0.5287356321839081,-0.35664834123123945,-0.43388433531783094,123,29,0.8110236220472441,0.8115807112269595,-0.31060606060606055,-0.21896551724137936,-0.2520232904691674,-0.19483287154172335,254,56
45,fairtrade_eo_local,100.0,0.01,fairtrade_eo_local|100,0.8048780487804879,0.8052171610169492,-0.433969185619956,-0.5114942528735633,-0.3205157764138475,-0.40537208665547697,123,29,0.8110236220472441,0.8115807112269595,-0.28769841269841273,-0.21896551724137936,-0.22831870113434954,-0.17258284269221902,254,56
45,fairtrade_eo_local,300.0,0.01,fairtrade_eo_local|300,0.8130081300813008,0.814353813559322,-0.4471753484959648,-0.4942528735632184,-0.29444364500413106,-0.3734813179264123,123,29,0.8149606299212598,0.8161422453919196,-0.28535353535353536,-0.2017241379310345,-0.20857000355655797,-0.15249752449406972,254,56
45,fairtrade_eo_local,1000.0,0.01,fairtrade_eo_local|1000,0.7967479674796748,0.798728813559322,-0.38077769625825386,-0.4597701149425288,-0.2679241069962195,-0.35103872765240995,123,29,0.7716535433070866,0.7734127722956619,-0.23719336219336223,-0.13275862068965516,-0.1851347723188252,-0.14069974743600544,254,56
45,fairtrade_eo_global,1.0,0.01,fairtrade_eo_global|1,0.8373983739837398,0.8358050847457628,-0.5429200293470287,-0.5977011494252873,-0.42057885081689705,-0.43748757504354946,123,29,0.7913385826771654,0.7910072612176504,-0.2772366522366522,-0.07701149425287357,-0.26273381346997954,-0.16484092292001196,254,56
45,fairtrade_eo_global,3.0,0.01,fairtrade_eo_global|3,0.8373983739837398,0.8358050847457628,-0.49779897285399854,-0.4137931034482759,-0.39220662838051684,-0.40301869428534615,123,29,0.7952755905511811,0.7950723018680568,-0.27218614718614725,-0.07701149425287357,-0.23346866758051088,-0.1284688803827626,254,56
45,fairtrade_eo_global,10.0,0.01,fairtrade_eo_global|10,0.8373983739837398,0.8358050847457628,-0.49779897285399854,-0.4137931034482759,-0.3631910224081655,-0.3726962190763704,123,29,0.7913385826771654,0.7910072612176504,-0.25432900432900435,-0.07701149425287357,-0.20489868686990043,-0.0967120259572034,254,56
45,fairtrade_eo_global,30.0,0.01,fairtrade_eo_global|30,0.8292682926829268,0.8279925847457628,-0.48716067498165805,-0.39655172413793105,-0.36507165722715684,-0.3912034970654667,123,29,0.7992125984251969,0.7986408490039099,-0.2644300144300144,-0.09425287356321843,-0.21462131458691436,-0.1102002634227961,254,56
45,fairtrade_eo_global,100.0,0.01,fairtrade_eo_global|100,0.7642276422764228,0.7641684322033898,-0.3543653705062362,-0.47701149425287354,-0.2852694624262812,-0.3809727806726406,123,29,0.7874015748031497,0.7871904673245206,-0.2034632034632034,0.006896551724137945,-0.18063440537103692,-0.08508662187933236,254,56
45,fairtrade_eo_global,300.0,0.01,fairtrade_eo_global|300,0.7804878048780488,0.7811175847457628,-0.3782098312545855,-0.47701149425287354,-0.27697218814693936,-0.3682899065743918,123,29,0.7952755905511811,0.7955687953826103,-0.25198412698412703,-0.13505747126436785,-0.1963492335414334,-0.11375027223993306,254,56
45,fairtrade_eo_global,1000.0,0.01,fairtrade_eo_global|1000,0.7723577235772358,0.7746292372881356,-0.27989728539985326,-0.42528735632183906,-0.21976355759335386,-0.2777592444728161,123,29,0.7637795275590551,0.7645379507230187,-0.27759740259740256,-0.1586206896551724,-0.16963213665107152,-0.10151638052929413,254,56
45,fedfb,0.003,0.01,fedfb|0.003,0.8373983739837398,0.8358050847457628,-0.5429200293470287,-0.5977011494252873,-0.4468700070411065,-0.4743462743494531,123,29,0.7992125984251969,0.7988890957611866,-0.3459595959595959,-0.2362068965517241,-0.2925607233053251,-0.20948118981530617,254,56
45,fedfb,0.01,0.01,fedfb|0.01,0.8373983739837398,0.8358050847457628,-0.5429200293470287,-0.5977011494252873,-0.41985312780851847,-0.4406436227326249,123,29,0.7992125984251969,0.7988890957611866,-0.2772366522366522,-0.08563218390804606,-0.26169769135223164,-0.1735898241914552,254,56
45,fedfb,0.03,0.01,fedfb|0.03,0.8292682926829268,0.8279925847457628,-0.48716067498165805,-0.39655172413793105,-0.352966101018142,-0.35940033786170106,123,29,0.7834645669291339,0.7833736734313907,-0.22132034632034625,-0.05977011494252882,-0.18769240174103197,-0.09253019185672551,254,56
45,fedfb,0.1,0.01,fedfb|0.1,0.8211382113821138,0.8188559322033898,-0.3837123991195891,-0.22988505747126442,-0.2321545266736263,-0.2199222239473,123,29,0.7637795275590551,0.7637932104511885,-0.10173160173160173,0.04137931034482767,-0.061144056350320664,0.02670817436843087,254,56
45,fedfb,0.3,0.01,fedfb|0.3,0.8130081300813008,0.8110434322033898,-0.3730741012472487,-0.21264367816091956,-0.2153326621793637,-0.19964756341865186,123,29,0.7519685039370079,0.751598088499969,-0.048160173160173125,0.04137931034482767,-0.04346587123687973,0.039848703154544696,254,56
45,fedfb,1.0,0.01,fedfb|1,0.7804878048780488,0.7824417372881356,-0.33565663976522375,-0.2586206896551724,-0.23276522922345322,-0.2327015623878474,123,29,0.7677165354330708,0.7695959784025321,-0.1176046176046176,0.10172413793103452,-0.06312367614106013,0.04216909627376619,254,56
45,fedfb,3.0,0.01,fedfb|3,0.7642276422764228,0.7694650423728814,-0.3195157740278797,-0.339080459770115,-0.28291300989729123,-0.33636766509688193,123,29,0.7322834645669292,0.7374790541798548,-0.1645021645021645,-0.04425287356321839,-0.12994982460752252,-0.02097964438920219,254,56
45,fedfuel_dp,0.025,0.01,fedfuel_dp|0.025,0.8130081300813008,0.8110434322033898,-0.3730741012472487,-0.21264367816091956,-0.2878366565080794,-0.27027554295611855,123,29,0.7677165354330708,0.7666170173152114,-0.10137085137085133,-0.07701149425287357,-0.11485966842265088,-0.07207349442245292,254,56
45,fedfuel_dp,0.05,0.01,fedfuel_dp|0.05,0.7967479674796748,0.7960805084745763,-0.24027879677182684,-0.3448275862068966,-0.18455875174471936,-0.20567424714380622,123,29,0.7559055118110236,0.7566561161794825,-0.025613275613275588,0.07586206896551728,-0.008361999288337085,0.07471553113889595,254,56
45,fedfuel_dp,0.1,0.01,fedfuel_dp|0.1,0.7398373983739838,0.7387447033898304,-0.16067498165810717,-0.2931034482758621,-0.17378748526047816,-0.18260413998652292,123,29,0.7637795275590551,0.7642897039657419,0.01010101010101011,0.13390804597701156,0.014176368919331606,0.10429348240702829,254,56
45,fedfuel_dp,0.2,0.01,fedfuel_dp|0.2,0.7154471544715447,0.7153072033898304,-0.17388114453411596,-0.24137931034482762,-0.08710895438249111,-0.1384566126621446,123,29,0.6653543307086615,0.6658908955501769,0.15259740259740256,0.17068965517241386,0.11922095994073412,0.17414640590646202,254,56
45,fedfuel_dp,0.4,0.01,fedfuel_dp|0.4,0.7235772357723578,0.7251059322033898,-0.12068965517241381,-0.39080459770114945,-0.11163830758632742,-0.29821550187637275,123,29,0.7362204724409449,0.7385651337429404,0.01713564213564217,0.153448275862069,0.014411043434236326,0.1677461008700526,254,56
45,fedfuel_eo,0.025,0.01,fedfuel_eo|0.025,0.7560975609756098,0.7530455508474576,-0.4952311078503302,-0.3620689655172413,-0.38055110607270265,-0.32123785162205415,123,29,0.7283464566929134,0.7274560913548067,-0.20580808080808077,-0.025287356321839094,-0.15747651827774783,-0.07632883992474304,254,56
45,fedfuel_eo,0.05,0.01,fedfuel_eo|0.05,0.7642276422764228,0.7628442796610169,-0.35179750550256783,-0.3275862068965517,-0.31848527671395505,-0.30688300321478096,123,29,0.7244094488188977,0.7246322844907838,-0.13744588744588743,-0.05747126436781613,-0.11806586428336607,-0.04105063929174346,254,56
45,fedfuel_eo,0.1,0.01,fedfuel_eo|0.1,0.7723577235772358,0.7733050847457628,-0.1870873074101247,-0.09195402298850575,-0.13819237823003794,-0.12209861960473478,123,29,0.7244094488188977,0.7271147520635511,0.055194805194805185,0.25459770114942537,0.0661087504419744,0.1642427766631389,254,56
45,fedfuel_eo,0.2,0.01,fedfuel_eo|0.2,0.7398373983739838,0.7400688559322034,-0.16324284666177546,-0.2586206896551724,-0.18780140387517058,-0.30188947962185647,123,29,0.7165354330708661,0.7172469434618011,-0.04852092352092352,0.04367816091954013,-0.10197732825391986,0.005012105502710362,254,56
45,fedfuel_eo,0.4,0.01,fedfuel_eo|0.4,0.6422764227642277,0.6363877118644068,-0.12912692589875274,-0.12643678160919547,-0.1375056955106081,-0.10383121905869797,123,29,0.6692913385826772,0.6664804815987091,0.13077200577200576,0.12528735632183907,0.09482762533396927,0.11403389948730669,254,56
46,fedavg,0.0,0.01,fedavg|0.0,0.8130081300813008,0.8156779661016949,-0.2967171717171717,0.05423728813559325,-0.30081626331913425,-0.055672774514404444,123,24,0.7834645669291339,0.7838701669459442,-0.2698412698412699,-0.11781609195402298,-0.278142180058616,-0.17040235202802323,254,56
46,fairtrade_dp_local,1.0,0.01,fairtrade_dp_local|1,0.8048780487804879,0.8085275423728814,-0.21464646464646464,0.30508474576271183,-0.17010688576659172,0.11950609615798724,123,24,0.7677165354330708,0.768851238130702,-0.17081529581529575,0.07586206896551728,-0.13741350409603026,-0.013748558298095848,254,56
46,fairtrade_dp_local,3.0,0.01,fairtrade_dp_local|3,0.7886178861788617,0.7922404661016949,-0.16287878787878785,0.3220338983050848,-0.08682192741150052,0.19554049822233488,123,24,0.7598425196850394,0.7612176503444423,-0.09199134199134201,0.09310344827586214,-0.051881395045178746,0.056125138879850045,254,56
46,fairtrade_dp_local,10.0,0.01,fairtrade_dp_local|10,0.7967479674796748,0.8000529661016949,-0.12121212121212122,0.30508474576271183,-0.023292137817903014,0.24915726955159234,123,24,0.7440944881889764,0.7447092409855396,-0.007756132756132739,0.1597701149425288,0.01784373013219359,0.10292202563977793,254,56
46,fairtrade_dp_local,30.0,0.01,fairtrade_dp_local|30,0.7804878048780488,0.7837658898305084,-0.06944444444444442,0.3220338983050848,0.003157950467382986,0.26852459375888615,123,24,0.7401574803149606,0.7406442003351331,0.03300865800865804,0.1597701149425288,0.04373523503579574,0.10952879718836694,254,56
46,fairtrade_dp_local,100.0,0.01,fairtrade_dp_local|100,0.7967479674796748,0.8000529661016949,-0.12121212121212122,0.30508474576271183,-0.011683317070657562,0.24721444755540056,123,24,0.7519685039370079,0.7520945820145224,-0.005050505050505083,0.13390804597701156,0.03788537320561314,0.0786739157106,254,56
46,fairtrade_dp_local,300.0,0.01,fairtrade_dp_local|300,0.7642276422764228,0.767478813559322,-0.12121212121212122,0.3389830508474576,-0.03171095997095108,0.21310763588901294,123,24,0.7480314960629921,0.7477812946068392,0.0027056277056277667,0.12528735632183907,0.022891964555098454,0.05551779088189546,254,56
46,fairtrade_dp_local,1000.0,0.01,fairtrade_dp_local|1000,0.7723577235772358,0.775291313559322,-0.18308080808080807,0.3220338983050848,-0.041820929733791756,0.16314565352464128,123,24,0.7440944881889764,0.744460994228263,-0.01785714285714285,0.07586206896551728,0.015011137542227437,0.04072210555789113,254,56
46,fairtrade_eo_local,1.0,0.01,fairtrade_eo_local|1,0.8048780487804879,0.8085275423728814,-0.26641414141414144,0.08813559322033904,-0.21201235355310744,0.04435008015420472,123,24,0.7677165354330708,0.7683547446161485,-0.19101731601731597,0.05862068965517242,-0.18201257373726404,-0.061143443146827625,254,56
46,fairtrade_eo_local,3.0,0.01,fairtrade_eo_local|3,0.7723577235772358,0.775291313559322,-0.23484848484848486,0.10508474576271187,-0.17266073030880602,0.06896526845077333,123,24,0.7677165354330708,0.7681064978588718,-0.1782106782106782,0.050000000000000044,-0.14589008338605608,-0.03246212886410882,254,56
46,fairtrade_eo_local,10.0,0.01,fairtrade_eo_local|10,0.7723577235772358,0.7766154661016949,-0.2462121212121212,0.13898305084745766,-0.15446752616947496,0.06526479776632987,123,24,0.7480314960629921,0.7485260348786694,-0.12734487734487737,0.07586206896551728,-0.11795655277478378,-0.018190738323262345,254,56
46,fairtrade_eo_local,30.0,0.01,fairtrade_eo_local|30,0.6585365853658537,0.6612817796610169,-0.18308080808080807,0.22372881355932206,-0.10635533268596375,0.10847742251925552,123,24,0.6771653543307087,0.6803202383168869,-0.06204906204906202,0.022413793103448265,-0.043589583938,0.03217891472466716,254,56
46,fairtrade_eo_local,100.0,0.01,fairtrade_eo_local|100,0.6504065040650406,0.6574417372881356,-0.10353535353535354,0.34237288135593225,-0.06373965019134409,0.13937426563036642,123,24,0.6692913385826772,0.6746726245888413,-0.03986291486291488,0.033333333333333326,-0.018693690725117063,0.015207429906760161,254,56
46,fairtrade_eo_local,300.0,0.01,fairtrade_eo_local|300,0.6504065040650406,0.6574417372881356,-0.10353535353535354,0.34237288135593225,-0.057445963769398534,0.14352644702135509,123,24,0.6496062992125984,0.654099174579532,-0.029401154401154372,-0.05057471264367819,0.0008573423423314241,0.007154978203704976,254,56
46,fairtrade_eo_local,1000.0,0.01,fairtrade_eo_local|1000,0.5934959349593496,0.6040783898305084,0.007575757575757569,0.49491525423728816,-0.027852419829654584,0.1691201625486552,123,24,0.5708661417322834,0.5792527772605971,0.01767676767676768,-0.1275862068965517,0.027117551759981984,0.036421315427655476,254,56
46,fairtrade_eo_global,1.0,0.01,fairtrade_eo_global|1,0.8048780487804879,0.8078654661016949,-0.28661616161616166,0.0711864406779662,-0.22991612147906731,0.04701981751595519,123,24,0.7755905511811023,0.7762365791596848,-0.19101731601731597,0.050000000000000044,-0.19630028653357712,-0.07113840048597464,254,56
46,fairtrade_eo_global,3.0,0.01,fairtrade_eo_global|3,0.8048780487804879,0.8078654661016949,-0.18308080808080807,0.288135593220339,-0.1791766469009371,0.10214851117235113,123,24,0.7716535433070866,0.7726680320238317,-0.17586580086580084,0.0672413793103449,-0.14067912402174415,-0.015162954873394696,254,56
46,fairtrade_eo_global,10.0,0.01,fairtrade_eo_global|10,0.7886178861788617,0.7922404661016949,-0.16287878787878785,0.3220338983050848,-0.12841411761826638,0.16004961133003237,123,24,0.7559055118110236,0.7569043629367591,-0.10714285714285715,0.08448275862068966,-0.08712394101327497,0.03359454932312167,254,56
46,fairtrade_eo_global,30.0,0.01,fairtrade_eo_global|30,0.7804878048780488,0.7844279661016949,-0.15277777777777773,0.3389830508474576,-0.11254257619418584,0.19134259023151157,123,24,0.7519685039370079,0.7528393222863526,-0.11219336219336223,0.08448275862068966,-0.07377860148425225,0.04768236297043582,254,56
46,fairtrade_eo_global,100.0,0.01,fairtrade_eo_global|100,0.7560975609756098,0.7609904661016949,-0.07070707070707072,0.38983050847457623,-0.07933370067709772,0.25201895415025233,123,24,0.7480314960629921,0.7492707751504996,-0.05122655122655123,0.17701149425287355,-0.07765458537128578,0.07121810858705269,254,56
46,fairtrade_eo_global,300.0,0.01,fairtrade_eo_global|300,0.7642276422764228,0.7681408898305084,-0.15277777777777773,0.35593220338983056,-0.10590785716406326,0.20972532754984952,123,24,0.7480314960629921,0.7467883075777322,-0.12932900432900435,0.015517241379310431,-0.06387089870259982,0.041699848253408334,254,56
46,fairtrade_eo_global,1000.0,0.01,fairtrade_eo_global|1000,0.7723577235772358,0.7726430084745763,-0.2638888888888889,0.2542372881355932,-0.08429060236673164,0.11841921523465948,123,24,0.7401574803149606,0.7386582262769192,-0.024891774891774854,0.015517241379310431,-0.01878212150831371,0.018028069527327273,254,56
46,fedfb,0.003,0.01,fedfb|0.003,0.8130081300813008,0.8156779661016949,-0.2967171717171717,0.05423728813559325,-0.2887776895365066,-0.03646662023107883,123,24,0.7834645669291339,0.7838701669459442,-0.24693362193362195,-0.11781609195402298,-0.26575139024083916,-0.15412108922569923,254,56
46,fedfb,0.01,0.01,fedfb|0.01,0.8130081300813008,0.8156779661016949,-0.2967171717171717,0.05423728813559325,-0.2647284114912077,-0.0006609973513473921,123,24,0.7755905511811023,0.7762365791596848,-0.2139249639249639,-0.025287356321839094,-0.23940673703680548,-0.12194570243872449,254,56
46,fedfb,0.03,0.01,fedfb|0.03,0.8130081300813008,0.8163400423728814,-0.22474747474747475,0.288135593220339,-0.20335434352734477,0.08215661381008255,123,24,0.7716535433070866,0.772419785266555,-0.185966810966811,0.05862068965517242,-0.1739381957600299,-0.0474236342799047,254,56
46,fedfb,0.1,0.01,fedfb|0.1,0.7804878048780488,0.7837658898305084,-0.12121212121212122,0.3220338983050848,-0.07184313311044016,0.22193750448651228,123,24,0.7637795275590551,0.7650344442375722,-0.05122655122655123,0.1597701149425288,-0.04178564922217537,0.08061409204256265,254,56
46,fedfb,0.3,0.01,fedfb|0.3,0.7642276422764228,0.7681408898305084,-0.10101010101010105,0.35593220338983056,-0.041329142872733315,0.24843991523829556,123,24,0.7480314960629921,0.7492707751504996,-0.005411255411255422,0.17701149425287355,-0.012715365130905876,0.10441864145726987,254,56
46,fedfb,1.0,0.01,fedfb|1,0.7479674796747967,0.7531779661016949,-0.06060606060606061,0.4067796610169492,-0.041032430922819496,0.25480381711938627,123,24,0.7480314960629921,0.7502637621796066,-0.056637806637806654,0.13620689655172413,-0.012752277682525959,0.11497696919859146,254,56
46,fedfb,3.0,0.01,fedfb|3,0.7398373983739838,0.7453654661016949,-0.0505050505050505,0.423728813559322,-0.04399149339514402,0.2623157878864115,123,24,0.7440944881889764,0.7469434618010302,-0.05429292929292928,0.16206896551724137,-0.015084260811929817,0.11769628622408568,254,56
46,fedfuel_dp,0.025,0.01,fedfuel_dp|0.025,0.7560975609756098,0.7576800847457628,-0.11994949494949497,0.30508474576271183,-0.10453515592962503,0.17635061583655365,123,24,0.7401574803149606,0.7401477068205797,-0.1475468975468976,0.0672413793103449,-0.11468233096663283,0.00486019407238425,254,56
46,fedfuel_dp,0.05,0.01,fedfuel_dp|0.05,0.7642276422764228,0.767478813559322,-0.17297979797979796,0.3389830508474576,-0.1282724370178061,0.2333995275925529,123,24,0.7716535433070866,0.7711785514801712,-0.09902597402597396,0.09080459770114946,-0.08607863424134854,0.02694201291292564,254,56
46,fedfuel_dp,0.1,0.01,fedfuel_dp|0.1,0.7804878048780488,0.7811175847457628,-0.1502525252525253,0.2542372881355932,-0.08986218914276728,0.23271215534058665,123,24,0.7559055118110236,0.7544218953639918,-0.001984126984126977,0.0735632183908046,-0.00923359507196253,0.07251788839783468,254,56
46,fedfuel_dp,0.2,0.01,fedfuel_dp|0.2,0.7804878048780488,0.7824417372881356,-0.16161616161616166,0.288135593220339,-0.13078936069558206,0.2260317657338219,123,24,0.7283464566929134,0.7279525848693602,-0.025252525252525304,0.0672413793103449,-0.05435294466853585,0.04541081641506328,254,56
46,fedfuel_dp,0.4,0.01,fedfuel_dp|0.4,0.6910569105691057,0.6885593220338984,-0.08585858585858586,0.27118644067796616,-0.10531901613501188,0.2122276408193703,123,24,0.7283464566929134,0.7252218705393161,0.0010822510822510178,0.04770114942528736,0.007572035234028607,0.030930016826208995,254,56
46,fedfuel_eo,0.025,0.01,fedfuel_eo|0.025,0.8048780487804879,0.806541313559322,-0.3787878787878788,-0.1796610169491526,-0.346756495866393,-0.13475903045638638,123,24,0.7795275590551181,0.778563892509154,-0.32539682539682546,-0.2362068965517241,-0.32996746657399767,-0.24694351433059092,254,56
46,fedfuel_eo,0.05,0.01,fedfuel_eo|0.05,0.7967479674796748,0.7960805084745763,-0.3459595959595959,-0.013559322033898313,-0.3868727697411698,-0.14522902351819866,123,24,0.7480314960629921,0.7452988270340719,-0.39610389610389607,-0.18678160919540232,-0.3980275477637744,-0.2590888950636546,254,56
46,fedfuel_eo,0.1,0.01,fedfuel_eo|0.1,0.8211382113821138,0.8215042372881356,-0.36742424242424243,-0.013559322033898313,-0.3021399494939051,0.0023305264569944972,123,24,0.7795275590551181,0.7790603860237075,-0.41973304473304474,-0.3695402298850574,-0.3591938763361325,-0.3000034737432825,254,56
46,fedfuel_eo,0.2,0.01,fedfuel_eo|0.2,0.7317073170731707,0.725635593220339,-0.5075757575757576,-0.08135593220338977,-0.4427954710135596,-0.14553821024453362,123,24,0.7007874015748031,0.6957735989573637,-0.4641053391053391,-0.43850574712643675,-0.4459167973729739,-0.3796439107356261,254,56
46,fedfuel_eo,0.4,0.01,fedfuel_eo|0.4,0.7886178861788617,0.7889300847457628,-0.2638888888888889,0.02033898305084747,-0.3398775877128237,-0.17614836114442955,123,24,0.7165354330708661,0.7150127226463104,-0.34559884559884557,-0.18448275862068964,-0.39084046493080893,-0.22981666925566635,254,56
47,fedavg,0.0,0.01,fedavg|0.0,0.7967479674796748,0.7940942796610169,-0.45833333333333326,-0.4107142857142857,-0.3559181951927115,-0.32535981413509163,123,24,0.7952755905511811,0.7945758083535034,-0.384018759018759,-0.16954022988505746,-0.33157513415710377,-0.20862948539741766,254,56
47,fairtrade_dp_local,1.0,0.01,fairtrade_dp_local|1,0.8048780487804879,0.8038930084745763,-0.3042929292929292,-0.2321428571428571,-0.19715006307068494,-0.1473406907171011,123,24,0.7913385826771654,0.7915037547322038,-0.23412698412698413,0.015517241379310431,-0.1810953130590774,-0.04704529777511779,254,56
47,fairtrade_dp_local,3.0,0.01,fairtrade_dp_local|3,0.7886178861788617,0.7882680084745763,-0.12878787878787873,-0.1964285714285714,-0.08203991861411863,-0.04553865721183159,123,24,0.7834645669291339,0.7836219201886675,-0.09668109668109676,0.09942528735632183,-0.07267816648328024,0.04311668974743488,254,56
47,fairtrade_dp_local,10.0,0.01,fairtrade_dp_local|10,0.7723577235772358,0.7726430084745763,-0.05681818181818182,-0.1607142857142857,-0.008597586990682138,0.007439126260578632,123,24,0.7637795275590551,0.7640414572084653,0.0,0.12528735632183907,-0.0037997500624233904,0.09389212417962223,254,56
47,fairtrade_dp_local,30.0,0.01,fairtrade_dp_local|30,0.7642276422764228,0.7648305084745763,-0.04671717171717177,-0.1428571428571429,0.012196377060855856,0.013045969286135217,123,24,0.7519685039370079,0.7520945820145224,0.017857142857142905,0.13390804597701156,0.018780090914660152,0.10653730873446698,254,56
47,fairtrade_dp_local,100.0,0.01,fairtrade_dp_local|100,0.7723577235772358,0.7726430084745763,-0.05681818181818182,-0.1607142857142857,0.015258557539470918,0.004139978106000641,123,24,0.7440944881889764,0.7442127474709861,0.017857142857142905,0.14252873563218393,0.028555427214283946,0.10715012556455772,254,56
47,fairtrade_dp_local,300.0,0.01,fairtrade_dp_local|300,0.7398373983739838,0.7407309322033898,-0.191919191919192,-0.25,-0.07415571295176498,-0.08965029274778702,123,24,0.7086614173228346,0.7086203686464345,-0.010101010101010055,0.10172413793103452,-0.018469985297640434,0.0670635714955713,254,56
47,fairtrade_dp_local,1000.0,0.01,fairtrade_dp_local|1000,0.7154471544715447,0.714645127118644,-0.29419191919191917,-0.2678571428571429,-0.124418677235342,-0.12547909920769074,123,24,0.7007874015748031,0.6992490535592379,-0.1394300144300144,-0.01666666666666672,-0.05147014411023865,0.028576305988191164,254,56
47,fairtrade_eo_local,1.0,0.01,fairtrade_eo_local|1,0.8048780487804879,0.8025688559322034,-0.3964646464646465,-0.4107142857142857,-0.28134455215985504,-0.23027572128921747,123,24,0.7795275590551181,0.7788121392664309,-0.24657287157287155,-0.0017241379310344307,-0.2481594151141281,-0.11067651593736538,254,56
47,fairtrade_eo_local,3.0,0.01,fairtrade_eo_local|3,0.8130081300813008,0.8130296610169492,-0.3775252525252525,-0.3571428571428571,-0.2571529574701656,-0.19962370355746573,123,24,0.7874015748031497,0.7871904673245206,-0.24927849927849927,0.006896551724137945,-0.21390561185089113,-0.07108489582422128,254,56
47,fairtrade_eo_local,10.0,0.01,fairtrade_eo_local|10,0.7560975609756098,0.7543697033898304,-0.32449494949494945,-0.3392857142857143,-0.24776472051562076,-0.1912700830559645,123,24,0.8031496062992126,0.8032023831688699,-0.2620851370851371,-0.07701149425287357,-0.207724528667728,-0.07518406124978239,254,56
47,fairtrade_eo_local,30.0,0.01,fairtrade_eo_local|30,0.7398373983739838,0.7387447033898304,-0.3042929292929292,-0.3035714285714286,-0.20749626341134764,-0.14004516907568487,123,24,0.7755905511811023,0.7752435921305778,-0.16269841269841273,0.09080459770114946,-0.176900475987127,-0.037431133185224286,254,56
47,fairtrade_eo_local,100.0,0.01,fairtrade_eo_local|100,0.7235772357723578,0.7231197033898304,-0.2840909090909091,-0.2678571428571429,-0.1725105987861752,-0.09710979474974535,123,24,0.7677165354330708,0.7673617575870415,-0.16269841269841273,0.09942528735632183,-0.1512267114668493,-0.008985160464613617,254,56
47,fairtrade_eo_local,300.0,0.01,fairtrade_eo_local|300,0.6504065040650406,0.6422139830508474,-0.25757575757575757,-0.25,-0.14511742115472304,-0.12771793987069813,123,24,0.6889763779527559,0.6843232172779743,-0.19696969696969702,0.039080459770114984,-0.14600031588946882,-0.03066198921751706,254,56
47,fairtrade_eo_local,1000.0,0.01,fairtrade_eo_local|1000,0.5934959349593496,0.582229872881356,-0.19318181818181823,-0.2678571428571429,-0.13492082868411082,-0.1522325601960931,123,24,0.610236220472441,0.6012846769689071,-0.23124098124098125,-0.021264367816091978,-0.13708055311105716,-0.021484463079564864,254,56
47,fairtrade_eo_global,1.0,0.01,fairtrade_eo_global|1,0.8130081300813008,0.8110434322033898,-0.38636363636363635,-0.4107142857142857,-0.28652265520455933,-0.2339529653212854,123,24,0.7834645669291339,0.7831254266741141,-0.2772366522366522,0.006896551724137945,-0.25994993239294467,-0.11608522136577937,254,56
47,fairtrade_eo_global,3.0,0.01,fairtrade_eo_global|3,0.8048780487804879,0.8038930084745763,-0.3042929292929292,-0.2321428571428571,-0.23768636023606915,-0.1765173215951238,123,24,0.7874015748031497,0.7874387140817973,-0.2620851370851371,0.015517241379310431,-0.20991085187806163,-0.06264651326098658,254,56
47,fairtrade_eo_global,10.0,0.01,fairtrade_eo_global|10,0.8048780487804879,0.8045550847457628,-0.2840909090909091,-0.2142857142857143,-0.18802887745991803,-0.12337159564984701,123,24,0.7755905511811023,0.7757400856451313,-0.18831168831168826,0.03275862068965518,-0.16269337312381543,-0.019400640422927884,254,56
47,fairtrade_eo_global,30.0,0.01,fairtrade_eo_global|30,0.8292682926829268,0.8293167372881356,-0.27398989898989895,-0.2321428571428571,-0.16328592350555943,-0.09762955909328797,123,24,0.7755905511811023,0.7759883324024079,-0.1782106782106782,0.04137931034482767,-0.14485907805062193,-0.0064473716906090495,254,56
47,fairtrade_eo_global,100.0,0.01,fairtrade_eo_global|100,0.7235772357723578,0.722457627118644,-0.2007575757575758,-0.1428571428571429,-0.11022722415833014,-0.04217082860746557,123,24,0.7913385826771654,0.7915037547322038,-0.16540404040404044,0.09080459770114946,-0.12176057779328286,0.02133889193593086,254,56
47,fairtrade_eo_global,300.0,0.01,fairtrade_eo_global|300,0.7235772357723578,0.7217955508474576,-0.16919191919191917,-0.017857142857142905,-0.08087418416063435,0.01871956964688637,123,24,0.7834645669291339,0.7831254266741141,-0.11688311688311687,0.08218390804597708,-0.10460522150739082,0.025413293643030244,254,56
47,fairtrade_eo_global,1000.0,0.01,fairtrade_eo_global|1000,0.7560975609756098,0.7556938559322034,-0.12878787878787873,-0.017857142857142905,-0.08899178718113238,0.00026058192764011334,123,24,0.7795275590551181,0.779556879538261,-0.10173160173160173,0.09942528735632183,-0.09992772598870497,0.03373598477150175,254,56
47,fedfb,0.003,0.01,fedfb|0.003,0.8292682926829268,0.8279925847457628,-0.41792929292929293,-0.4107142857142857,-0.3453955832878221,-0.3121342086898429,123,24,0.7834645669291339,0.7831254266741141,-0.36886724386724384,-0.14367816091954022,-0.321384305304755,-0.1958808155152304,254,56
47,fedfb,0.01,0.01,fedfb|0.01,0.8292682926829268,0.8279925847457628,-0.41792929292929293,-0.4107142857142857,-0.3245389721111743,-0.2874655166108694,123,24,0.7795275590551181,0.7790603860237075,-0.32810245310245306,-0.0683908045977012,-0.29993501929552824,-0.16885079731201302,254,56
47,fedfb,0.03,0.01,fedfb|0.03,0.8048780487804879,0.8038930084745763,-0.3560606060606061,-0.375,-0.2590536272360218,-0.21047966035881216,123,24,0.7834645669291339,0.7831254266741141,-0.2772366522366522,0.006896551724137945,-0.23700613627401096,-0.0955448662455397,254,56
47,fedfb,0.1,0.01,fedfb|0.1,0.7804878048780488,0.7811175847457628,-0.1502525252525253,-0.1607142857142857,-0.09476325639307193,-0.03870568131761887,123,24,0.7637795275590551,0.7637932104511885,-0.1475468975468976,0.04137931034482767,-0.08710607454519381,0.047830117423215746,254,56
47,fedfb,0.3,0.01,fedfb|0.3,0.7642276422764228,0.7648305084745763,-0.09848484848484845,-0.1428571428571429,-0.054401598851939625,-0.003043752695832902,123,24,0.7598425196850394,0.7597281698007821,-0.12968975468975474,0.04137931034482767,-0.05360935206160827,0.07581668995406432,254,56
47,fedfb,1.0,0.01,fedfb|1,0.7642276422764228,0.7668167372881356,-0.14141414141414144,-0.0892857142857143,-0.058329572966980825,-0.0017664228299898443,123,24,0.7677165354330708,0.7690994848879786,-0.13780663780663782,0.08448275862068966,-0.053730934820692966,0.08606802478175735,254,56
47,fedfb,3.0,0.01,fedfb|3,0.7560975609756098,0.759666313559322,-0.16287878787878785,-0.0535714285714286,-0.066574413301141,0.0032498913018831344,123,24,0.7677165354330708,0.7705889654316391,-0.12301587301587297,0.13620689655172413,-0.06141119469145334,0.09020912352221455,254,56
47,fedfuel_dp,0.025,0.01,fedfuel_dp|0.025,0.7804878048780488,0.7817796610169492,-0.18181818181818182,-0.1428571428571429,-0.038482650300732446,0.016879438821758574,123,24,0.7519685039370079,0.7530875690436294,-0.056277056277056314,0.16839080459770117,-0.028309431932275253,0.09038684920932372,254,56
47,fedfuel_dp,0.05,0.01,fedfuel_dp|0.05,0.7317073170731707,0.7309322033898304,-0.29419191919191917,-0.2857142857142857,-0.1811801487952706,-0.14339718761454734,123,24,0.7559055118110236,0.7546701421212685,-0.2209595959595959,-0.0683908045977012,-0.16860503605402288,-0.07659058004146668,254,56
47,fedfuel_dp,0.1,0.01,fedfuel_dp|0.1,0.6991869918699187,0.7010063559322034,-0.058080808080808066,-0.0357142857142857,-0.037061931781771806,0.030267781594635168,123,24,0.6968503937007874,0.6981629739961521,-0.06908369408369408,0.08678160919540223,0.011753479412234091,0.13674761635069355,254,56
47,fedfuel_dp,0.2,0.01,fedfuel_dp|0.2,0.7642276422764228,0.7654925847457628,-0.026515151515151547,0.1607142857142857,-0.034076816809241406,0.05988578864240224,123,24,0.7086614173228346,0.7098616024328182,-0.005411255411255422,0.14482758620689662,0.02708928308094899,0.15086824476140837,254,56
47,fedfuel_dp,0.4,0.01,fedfuel_dp|0.4,0.7886178861788617,0.7902542372881356,0.03535353535353536,0.1428571428571429,0.06479404470324751,0.14746142995344214,123,24,0.7559055118110236,0.7569043629367591,0.030303030303030276,0.1597701149425288,0.05728676849489861,0.15828965733057931,254,56
47,fedfuel_eo,0.025,0.01,fedfuel_eo|0.025,0.7804878048780488,0.7778072033898304,-0.4065656565656566,-0.3928571428571429,-0.2947008275906697,-0.22303087876311367,123,24,0.7913385826771654,0.7890212871594364,-0.3351370851370851,-0.07068965517241377,-0.29204765695831264,-0.16776499321748473,254,56
47,fedfuel_eo,0.05,0.01,fedfuel_eo|0.05,0.7642276422764228,0.761520127118644,-0.35479797979797983,-0.375,-0.2684884029114266,-0.21558744157664478,123,24,0.7322834645669292,0.7287904176751692,-0.2889610389610389,-0.27068965517241383,-0.231309934497141,-0.1977834214445675,254,56
47,fedfuel_eo,0.1,0.01,fedfuel_eo|0.1,0.7560975609756098,0.7570180084745763,-0.24368686868686867,-0.2678571428571429,-0.24441004549670547,-0.2068744315433183,123,24,0.7598425196850394,0.7589834295289517,-0.2287157287157287,0.015517241379310431,-0.21160806805613713,-0.1303025239885881,254,56
47,fedfuel_eo,0.2,0.01,fedfuel_eo|0.2,0.7398373983739838,0.7374205508474576,-0.292929292929293,-0.3392857142857143,-0.19493646757590372,-0.20707474119990366,123,24,0.7047244094488189,0.7003351331223235,-0.20977633477633478,-0.12011494252873567,-0.1662962812693407,-0.08942030392134093,254,56
47,fedfuel_eo,0.4,0.01,fedfuel_eo|0.4,0.7723577235772358,0.7660222457627119,-0.20707070707070707,-0.1964285714285714,-0.18314577534601073,-0.0843307269803647,123,24,0.7519685039370079,0.746881400111711,-0.262987012987013,-0.12241379310344824,-0.26495084606055264,-0.16385838959978938,254,56
48,fedavg,0.0,0.01,fedavg|0.0,0.8211382113821138,0.822166313559322,-0.5118367346938776,-0.13661202185792354,-0.4177309818892759,-0.295732222701031,123,25,0.7637795275590551,0.7650344442375722,-0.32611832611832614,-0.21666666666666667,-0.2594396338516222,-0.19203176171700853,254,56
48,fairtrade_dp_local,1.0,0.01,fairtrade_dp_local|1,0.7804878048780488,0.783103813559322,-0.3604081632653061,-0.05464480874316946,-0.2978902509686898,-0.10401539561527029,123,25,0.7362204724409449,0.7368274064420033,-0.07647907647907654,0.09310344827586214,-0.12390053206329027,-0.049684374454035174,254,56
48,fairtrade_dp_local,3.0,0.01,fairtrade_dp_local|3,0.7642276422764228,0.7661546610169492,-0.28040816326530615,-0.05464480874316946,-0.24973286948109769,-0.037247903197189514,123,25,0.7401574803149606,0.7406442003351331,-0.0357142857142857,0.1597701149425288,-0.06456016059051045,-0.006194858137389736,254,56
48,fairtrade_dp_local,10.0,0.01,fairtrade_dp_local|10,0.7479674796747967,0.7498675847457628,-0.23020408163265305,-0.03825136612021862,-0.19796711417029095,0.026570391785251668,123,25,0.7165354330708661,0.7160057096754173,0.015512265512265477,0.1511494252873563,0.00015612272209719613,0.034975066733942684,254,56
48,fairtrade_dp_local,30.0,0.01,fairtrade_dp_local|30,0.7398373983739838,0.7420550847457628,-0.21999999999999997,-0.021857923497267784,-0.1778864496231688,0.05422595452741197,123,25,0.7007874015748031,0.7004902873456216,0.0714285714285714,0.17701149425287355,0.025132768579139153,0.04858066956030904,254,56
48,fairtrade_dp_local,100.0,0.01,fairtrade_dp_local|100,0.7398373983739838,0.7413930084745763,-0.2906122448979592,-0.03825136612021862,-0.19924031006590448,0.047898768890099475,123,25,0.7047244094488189,0.7043070812387513,0.11219336219336212,0.16839080459770117,0.018885415473423373,0.020021246309424257,254,56
48,fairtrade_dp_local,300.0,0.01,fairtrade_dp_local|300,0.7642276422764228,0.7654925847457628,-0.2506122448979592,0.2786885245901639,-0.171931037504454,0.05911581201957228,123,25,0.7401574803149606,0.7403959535778564,0.0,0.07586206896551728,0.01174339118062867,0.0003204134774619227,254,56
48,fairtrade_dp_local,1000.0,0.01,fairtrade_dp_local|1000,0.7479674796747967,0.7492055084745763,-0.20040816326530614,0.29508196721311475,-0.11245381842766489,0.08387420452683347,123,25,0.7204724409448819,0.7210637373549308,-0.007756132756132739,0.1103448275862069,0.026718397060352728,0.0182842137655993,254,56
48,fairtrade_eo_local,1.0,0.01,fairtrade_eo_local|1,0.7642276422764228,0.7654925847457628,-0.3008163265306123,-0.0710382513661203,-0.25553410009918165,-0.05914569348911125,123,25,0.7283464566929134,0.7286973251411903,-0.08658008658008659,0.09310344827586214,-0.09207287419272903,-0.011752223458954658,254,56
48,fairtrade_eo_local,3.0,0.01,fairtrade_eo_local|3,0.7723577235772358,0.7733050847457628,-0.31102040816326526,-0.08743169398907102,-0.23879606263065828,-0.021652722212134767,123,25,0.7401574803149606,0.7403959535778564,-0.09163059163059167,0.07586206896551728,-0.07892670585407002,-0.004948581628843929,254,56
48,fairtrade_eo_local,10.0,0.01,fairtrade_eo_local|10,0.7804878048780488,0.7811175847457628,-0.32122448979591833,0.24590163934426235,-0.26910066405121164,-0.06955647330140813,123,25,0.7440944881889764,0.7442127474709861,-0.09668109668109676,0.0672413793103449,-0.11187441779628476,-0.029403705363986177,254,56
48,fairtrade_eo_local,30.0,0.01,fairtrade_eo_local|30,0.7723577235772358,0.7726430084745763,-0.2812244897959183,0.24590163934426235,-0.20539645184363636,-0.014070753435619587,123,25,0.7440944881889764,0.744460994228263,-0.15530303030303028,0.0005747126436781436,-0.07803232430428009,-0.014067989206690834,254,56
48,fairtrade_eo_local,100.0,0.01,fairtrade_eo_local|100,0.7317073170731707,0.7309322033898304,-0.2114285714285714,0.2622950819672131,-0.1628277172117817,0.027445538040718698,123,25,0.7086614173228346,0.7093651089182648,-0.09433621933621938,0.05229885057471262,-0.045410633325700445,-0.001678207816406263,254,56
48,fairtrade_eo_local,300.0,0.01,fairtrade_eo_local|300,0.7479674796747967,0.7472192796610169,-0.2114285714285714,0.24590163934426235,-0.1397749517873234,0.06222124495467196,123,25,0.7007874015748031,0.7009867808601751,-0.09163059163059167,0.04367816091954013,-0.030146684012446967,-0.009563350868036613,254,56
48,fairtrade_eo_local,1000.0,0.01,fairtrade_eo_local|1000,0.7154471544715447,0.7126588983050848,-0.17224489795918368,0.2295081967213115,-0.11922082919399357,0.10057464070984579,123,25,0.6929133858267716,0.6921119592875318,-0.017496392496392454,0.017816091954022895,-0.008043817731633762,-0.005423813805669253,254,56
48,fairtrade_eo_global,1.0,0.01,fairtrade_eo_global|1,0.7967479674796748,0.7974046610169492,-0.42163265306122444,-0.1202185792349727,-0.3592944675661168,-0.2003042355912631,123,25,0.7480314960629921,0.7485260348786694,-0.17316017316017313,0.0005747126436781436,-0.18246962822480517,-0.10296889791029618,254,56
48,fairtrade_eo_global,3.0,0.01,fairtrade_eo_global|3,0.8130081300813008,0.814353813559322,-0.4012244897959183,-0.1202185792349727,-0.3180871949930277,-0.1389708421269401,123,25,0.7283464566929134,0.7284490783839136,-0.09668109668109676,0.08448275862068966,-0.1297756149235328,-0.04478270101050541,254,56
48,fairtrade_eo_global,10.0,0.01,fairtrade_eo_global|10,0.7967479674796748,0.7980667372881356,-0.35102040816326524,-0.10382513661202186,-0.2814187987171569,-0.08453873133724499,123,25,0.7244094488188977,0.7246322844907838,-0.06872294372294369,0.09310344827586214,-0.08967883141864558,-0.0058722384402464245,254,56
48,fairtrade_eo_global,30.0,0.01,fairtrade_eo_global|30,0.7804878048780488,0.7817796610169492,-0.3008163265306123,-0.08743169398907102,-0.22662365796310568,-0.021852457946766934,123,25,0.7401574803149606,0.7403959535778564,-0.04581529581529575,0.1511494252873563,-0.03731284969893495,0.04233496760756805,254,56
48,fairtrade_eo_global,100.0,0.01,fairtrade_eo_global|100,0.7479674796747967,0.7505296610169492,-0.26,-0.021857923497267784,-0.2256570475442069,-0.03488297809342866,123,25,0.7480314960629921,0.7487742816359462,-0.025613275613275588,0.1597701149425288,-0.04126833037380534,0.0658869347909744,254,56
48,fairtrade_eo_global,300.0,0.01,fairtrade_eo_global|300,0.7804878048780488,0.7817796610169492,-0.2506122448979592,0.2622950819672131,-0.1922064241645287,0.025427703241832966,123,25,0.7322834645669292,0.7322658722770434,0.012806637806637822,0.1511494252873563,-0.0032397758606740323,0.060888749356756255,254,56
48,fairtrade_eo_global,1000.0,0.01,fairtrade_eo_global|1000,0.7804878048780488,0.7804555084745763,-0.29142857142857137,0.2295081967213115,-0.15972814156844906,0.0014099215712052304,123,25,0.7047244094488189,0.7033140942096444,0.04888167388167386,0.13390804597701156,0.016604867297484116,0.05997151613406759,254,56
48,fedfb,0.003,0.01,fedfb|0.003,0.8211382113821138,0.822166313559322,-0.5118367346938776,-0.13661202185792354,-0.4079342464973428,-0.2790120906842862,123,25,0.7637795275590551,0.7650344442375722,-0.3032106782106782,-0.14137931034482765,-0.24784107270756733,-0.17795442313212773,254,56
48,fedfb,0.01,0.01,fedfb|0.01,0.8211382113821138,0.822166313559322,-0.4616326530612245,-0.13661202185792354,-0.3868510710569669,-0.24374161986379678,123,25,0.7559055118110236,0.7569043629367591,-0.24458874458874458,-0.06609195402298851,-0.22074937139547723,-0.14619810015562618,254,56
48,fedfb,0.03,0.01,fedfb|0.03,0.7723577235772358,0.7746292372881356,-0.3706122448979592,-0.05464480874316946,-0.33482316975158694,-0.16035620404071493,123,25,0.7480314960629921,0.7487742816359462,-0.14015151515151514,0.009195402298850519,-0.15579590332475296,-0.07424732621373809,254,56
48,fedfb,0.1,0.01,fedfb|0.1,0.7479674796747967,0.7498675847457628,-0.28040816326530615,-0.03825136612021862,-0.22664693945980802,-0.008980750141899474,123,25,0.7519685039370079,0.7525910755290759,-0.03066378066378067,0.1511494252873563,-0.033382509816249795,0.044786048308014914,254,56
48,fedfb,0.3,0.01,fedfb|0.3,0.7479674796747967,0.7505296610169492,-0.26,-0.021857923497267784,-0.20849500080532568,0.01336081521432908,123,25,0.7480314960629921,0.7485260348786694,-0.012806637806637822,0.1511494252873563,-0.014918262788066405,0.06114360218246773,254,56
48,fedfb,1.0,0.01,fedfb|1,0.7479674796747967,0.7505296610169492,-0.26,-0.021857923497267784,-0.20892983785773422,0.013350454673089596,123,25,0.7480314960629921,0.7485260348786694,-0.012806637806637822,0.1511494252873563,-0.015457384627645732,0.06052346802477182,254,56
48,fedfb,3.0,0.01,fedfb|3,0.7317073170731707,0.7368908898305084,-0.27877551020408164,0.060109289617486295,-0.2089190145889867,-0.04326407261233517,123,25,0.7244094488188977,0.7281077390926581,-0.06475468975468973,0.1385057471264367,-0.04597456192142163,0.03703112116233365,254,56
48,fedfuel_dp,0.025,0.01,fedfuel_dp|0.025,0.7560975609756098,0.7590042372881356,-0.24979591836734694,-0.021857923497267784,-0.18086471561038375,0.009008442932139316,123,25,0.7086614173228346,0.710109849190095,0.004689754689754688,0.153448275862069,-0.009842067182838143,0.07214508842377143,254,56
48,fedfuel_dp,0.05,0.01,fedfuel_dp|0.05,0.7479674796747967,0.7498675847457628,-0.23020408163265305,-0.03825136612021862,-0.16572112263959587,0.07698226363851068,123,25,0.7244094488188977,0.7246322844907838,0.0,0.09310344827586214,-0.0064847153862790385,0.05312945682919401,254,56
48,fedfuel_dp,0.1,0.01,fedfuel_dp|0.1,0.7479674796747967,0.7485434322033898,-0.12040816326530612,0.2786885245901639,-0.10366883518098269,0.1764103209833956,123,25,0.7440944881889764,0.7427232669273258,0.04888167388167386,0.09080459770114946,0.04879230912304433,0.07331769207342609,254,56
48,fedfuel_dp,0.2,0.01,fedfuel_dp|0.2,0.7317073170731707,0.7289459745762712,-0.12204081632653063,0.21311475409836067,-0.17229427424820176,0.05384801369277459,123,25,0.7086614173228346,0.7063861478309439,0.0135281385281385,0.024137931034482807,0.013259709420114008,0.04441429904003724,254,56
48,fedfuel_dp,0.4,0.01,fedfuel_dp|0.4,0.7479674796747967,0.7445709745762712,-0.14244897959183678,0.180327868852459,-0.12885024601681216,0.12398436047961237,123,25,0.7204724409448819,0.7168435424812264,0.07251082251082253,0.039080459770114984,0.11585186512064183,0.07037624674715404,254,56
48,fedfuel_eo,0.025,0.01,fedfuel_eo|0.025,0.7479674796747967,0.7465572033898304,-0.4326530612244898,-0.1202185792349727,-0.40300505867684067,-0.18063507493727848,123,25,0.7440944881889764,0.7412337863836653,-0.2408008658008658,-0.036206896551724044,-0.25258575164790914,-0.20869469268825547,254,56
48,fedfuel_eo,0.05,0.01,fedfuel_eo|0.05,0.7967479674796748,0.7993908898305084,-0.3604081632653061,-0.0710382513661203,-0.33921790202813484,-0.17169147892727876,123,25,0.7519685039370079,0.753335815800906,-0.2065295815295815,-0.04885057471264376,-0.19692692974001752,-0.09545522824614894,254,56
48,fedfuel_eo,0.1,0.01,fedfuel_eo|0.1,0.7560975609756098,0.7563559322033898,-0.23102040816326525,-0.08743169398907102,-0.22630168666264838,-0.012430419361656453,123,25,0.7401574803149606,0.7403959535778564,-0.06872294372294369,0.07586206896551728,-0.0636495325612213,0.022547803291430024,254,56
48,fedfuel_eo,0.2,0.01,fedfuel_eo|0.2,0.7317073170731707,0.7329184322033898,-0.15020408163265309,-0.03825136612021862,-0.12735190197901458,0.05846270719349711,123,25,0.7244094488188977,0.7243840377335071,-0.010101010101010055,0.1597701149425288,0.0511726386432535,0.14483360544746293,254,56
48,fedfuel_eo,0.4,0.01,fedfuel_eo|0.4,0.7235772357723578,0.7191472457627119,-0.4742857142857143,-0.1693989071038252,-0.3642904924909224,-0.2642403242122281,123,25,0.6968503937007874,0.6929497920933407,-0.2582972582972583,-0.018965517241379293,-0.22472334510946113,-0.04596879007348298,254,56
49,fedavg,0.0,0.1,fedavg|0.0,0.8617886178861789,0.8625529661016949,-0.47070707070707074,-0.264406779661017,-0.41167356036603453,-0.2216080464548984,123,33,0.7834645669291339,0.7848631539750512,-0.32106782106782106,-0.1586206896551724,-0.2923896416466049,-0.20064755048731275,254,56
49,fairtrade_dp_local,1.0,0.1,fairtrade_dp_local|1,0.8130081300813008,0.8150158898305084,-0.30202020202020197,0.03728813559322042,-0.2705832974703023,-0.028802110077971177,123,33,0.7637795275590551,0.7642897039657419,-0.10443722943722944,0.05862068965517242,-0.13253900471672925,-0.025579969426509974,254,56
49,fairtrade_dp_local,3.0,0.1,fairtrade_dp_local|3,0.8130081300813008,0.8150158898305084,-0.30202020202020197,0.03728813559322042,-0.18777934694004184,0.055052975830385265,123,33,0.7637795275590551,0.7642897039657419,-0.05862193362193363,0.13390804597701156,-0.04602179759683306,0.04959642380561635,254,56
49,fairtrade_dp_local,10.0,0.1,fairtrade_dp_local|10,0.8211382113821138,0.8208421610169492,-0.21414141414141408,0.18644067796610164,-0.13639224206821793,0.08041100219144659,123,33,0.7559055118110236,0.7556631291503755,0.0027056277056277667,0.1166666666666667,0.01538134432729732,0.0848285980950827,254,56
49,fairtrade_dp_local,30.0,0.1,fairtrade_dp_local|30,0.7804878048780488,0.7791313559322034,-0.16464646464646465,-0.013559322033898313,-0.1308321563696319,0.07010684748322271,123,33,0.7559055118110236,0.7549183888785453,-0.004689754689754744,0.09080459770114946,0.028801118053931374,0.0865475587097222,254,56
49,fairtrade_dp_local,100.0,0.1,fairtrade_dp_local|100,0.8048780487804879,0.8025688559322034,-0.15656565656565663,0.15254237288135597,-0.158393456435038,0.08142432358305329,123,33,0.7165354330708661,0.7137714888599267,0.0849567099567099,0.0735632183908046,0.0323989629660818,0.05440324979523814,254,56
49,fairtrade_dp_local,300.0,0.1,fairtrade_dp_local|300,0.7804878048780488,0.7824417372881356,-0.21919191919191922,0.0711864406779662,-0.1806372257056552,-0.05071735582235515,123,33,0.6889763779527559,0.6915223732389996,0.05014430014430016,0.21379310344827596,-0.018600607417988524,0.08399127049397692,254,56
49,fairtrade_dp_local,1000.0,0.1,fairtrade_dp_local|1000,0.7235772357723578,0.7270921610169492,-0.16363636363636364,-0.04406779661016946,-0.13783148041866944,-0.04303829154489025,123,33,0.6535433070866141,0.6569229814435549,0.06259018759018764,0.05689655172413788,0.03951351405396902,0.07578192956673135,254,56
49,fairtrade_eo_local,1.0,0.1,fairtrade_eo_local|1,0.8373983739837398,0.8384533898305084,-0.37676767676767675,-0.013559322033898313,-0.332194021615115,-0.11147357616889275,123,33,0.7755905511811023,0.7762365791596848,-0.2139249639249639,-0.025287356321839094,-0.19329300674765726,-0.084908991996413,254,56
49,fairtrade_eo_local,3.0,0.1,fairtrade_eo_local|3,0.8292682926829268,0.829978813559322,-0.3464646464646465,-0.013559322033898313,-0.3224082133760958,-0.09325381805331023,123,33,0.7716535433070866,0.7721715385092782,-0.17316017316017313,-0.025287356321839094,-0.17818604831914403,-0.0638208612285811,254,56
49,fairtrade_eo_local,10.0,0.1,fairtrade_eo_local|10,0.8048780487804879,0.8052171610169492,-0.3161616161616162,0.003389830508474634,-0.29239191435126943,-0.054102374436491685,123,33,0.7637795275590551,0.7632967169366349,-0.1677489177489177,0.09942528735632183,-0.15400084403570619,-0.03812320130052915,254,56
49,fairtrade_eo_local,30.0,0.1,fairtrade_eo_local|30,0.7804878048780488,0.7804555084745763,-0.28585858585858587,0.02033898305084747,-0.24355926925899707,0.04671061559248779,123,33,0.7519685039370079,0.7518463352572458,-0.15259740259740256,0.050000000000000044,-0.11144544671170015,0.02857582581754048,254,56
49,fairtrade_eo_local,100.0,0.1,fairtrade_eo_local|100,0.7560975609756098,0.7563559322033898,-0.23333333333333334,0.27118644067796616,-0.2334771013856311,0.13190934817164635,123,33,0.7244094488188977,0.7231428039471235,-0.15223665223665223,-0.03390804597701158,-0.11663248117525649,-0.0011508387031740064,254,56
49,fairtrade_eo_local,300.0,0.1,fairtrade_eo_local|300,0.5121951219512195,0.5305879237288136,-0.06666666666666667,-0.0847457627118644,-0.09101238247439869,-0.05324455741477216,123,33,0.5118110236220472,0.526221063737355,-0.05555555555555555,-0.07758620689655173,-0.06727513121081515,-0.07288310205424739,254,56
49,fairtrade_eo_local,1000.0,0.1,fairtrade_eo_local|1000,0.4796747967479675,0.5,0.0,0.0,-0.00416376008228822,-0.01222548895215584,123,33,0.484251968503937,0.5,0.0,0.0,-0.014810947277334556,-0.019453962217352683,254,56
49,fairtrade_eo_global,1.0,0.1,fairtrade_eo_global|1,0.8536585365853658,0.8540783898305084,-0.4404040404040404,-0.264406779661017,-0.3603321748399976,-0.14487219296269505,123,33,0.7755905511811023,0.7764848259169614,-0.20382395382395385,-0.01666666666666672,-0.2306863731660303,-0.12007297253899873,254,56
49,fairtrade_eo_global,3.0,0.1,fairtrade_eo_global|3,0.8292682926829268,0.8306408898305084,-0.36565656565656557,0.003389830508474634,-0.3031299302824819,-0.08021564529103753,123,33,0.7795275590551181,0.7807981133246447,-0.1886724386724386,-0.008045977011494343,-0.17225057504362934,-0.05433068579041411,254,56
49,fairtrade_eo_global,10.0,0.1,fairtrade_eo_global|10,0.8130081300813008,0.8136917372881356,-0.22222222222222227,0.22033898305084743,-0.174831687805779,0.08151040360078976,123,33,0.7519685039370079,0.7523428287717993,0.0050505050505050275,0.14252873563218393,-0.019068264951432212,0.09120808371353428,254,56
49,fairtrade_eo_global,30.0,0.1,fairtrade_eo_global|30,0.7642276422764228,0.7661546610169492,-0.21919191919191922,0.08813559322033904,-0.135287576170657,0.10348307237786769,123,33,0.7204724409448819,0.7215602308694843,-0.03336940836940833,0.20287356321839078,0.012571033523088748,0.14492922775533001,254,56
49,fairtrade_eo_global,100.0,0.1,fairtrade_eo_global|100,0.7560975609756098,0.7576800847457628,-0.14747474747474743,0.30508474576271183,-0.13845271411859855,0.1515810059036239,123,33,0.7047244094488189,0.7048035747533048,-0.027958152958152904,0.1103448275862069,-0.018707812141231017,0.11703791924104645,254,56
49,fairtrade_eo_global,300.0,0.1,fairtrade_eo_global|300,0.7398373983739838,0.7413930084745763,-0.2303030303030303,0.10508474576271187,-0.22395354737004386,-0.006450629284826426,123,33,0.7165354330708661,0.7179916837336313,-0.10984848484848486,0.06954022988505737,-0.09379163308330835,0.0925271554203736,254,56
49,fairtrade_eo_global,1000.0,0.1,fairtrade_eo_global|1000,0.5609756097560976,0.5701800847457628,0.07777777777777778,0.49491525423728816,0.020767001748460412,0.40841638833734256,123,33,0.5866141732283464,0.5920374852603488,-0.03481240981240985,-0.022413793103448265,-0.03757463913658432,-0.04641492288451293,254,56
49,fedfb,0.003,0.1,fedfb|0.003,0.8455284552845529,0.8469279661016949,-0.4484848484848485,-0.23050847457627122,-0.39543628085479887,-0.21880606231042898,123,33,0.7834645669291339,0.7853596474896047,-0.3466810966810967,-0.21666666666666667,-0.28507879727051705,-0.19000058232367734,254,56
49,fedfb,0.01,0.1,fedfb|0.01,0.8292682926829268,0.8313029661016949,-0.42626262626262623,-0.19661016949152543,-0.3641415685753931,-0.17066528087450294,123,33,0.7834645669291339,0.7851114007323279,-0.28805916305916307,-0.15000000000000002,-0.249312375102684,-0.14572516082860953,254,56
49,fedfb,0.03,0.1,fedfb|0.03,0.8292682926829268,0.8313029661016949,-0.3434343434343434,0.02033898305084747,-0.28996236247546747,-0.07094424937741228,123,33,0.7874015748031497,0.788679947868181,-0.16576479076479078,0.05862068965517242,-0.1682669614128564,-0.053552218843465504,254,56
49,fedfb,0.1,0.1,fedfb|0.1,0.8048780487804879,0.8072033898305084,-0.2909090909090909,0.05423728813559325,-0.1805614821688093,0.05035326470762991,123,33,0.7677165354330708,0.7681064978588718,-0.04076479076479078,0.12528735632183907,-0.050976530900077255,0.054414437848261055,254,56
49,fedfb,0.3,0.1,fedfb|0.3,0.8048780487804879,0.8072033898305084,-0.2909090909090909,0.05423728813559325,-0.17280336183053674,0.059306301176548004,123,33,0.7677165354330708,0.7681064978588718,-0.04076479076479078,0.12528735632183907,-0.04308304964990756,0.06017311849342333,254,56
49,fedfb,1.0,0.1,fedfb|1,0.7723577235772358,0.7766154661016949,-0.2656565656565657,-0.07796610169491525,-0.19264575744217094,0.006140795552124434,123,33,0.7598425196850394,0.7629553776453795,-0.021284271284271294,0.22873563218390802,-0.05913254788043287,0.06857511419802909,254,56
49,fedfb,3.0,0.1,fedfb|3,0.7560975609756098,0.7616525423728814,-0.2626262626262626,-0.027118644067796627,-0.14422953110141212,0.0954448909325114,123,33,0.7165354330708661,0.721963631850059,0.005952380952380987,0.20747126436781604,0.03204658463789478,0.18042499843192683,254,56
49,fedfuel_dp,0.025,0.1,fedfuel_dp|0.025,0.8130081300813008,0.8130296610169492,-0.32727272727272727,-0.013559322033898313,-0.24233945387067524,-0.0322347909654096,123,33,0.7480314960629921,0.7480295413641159,-0.10173160173160173,0.05862068965517242,-0.08506648488088098,0.022647957408522323,254,56
49,fedfuel_dp,0.05,0.1,fedfuel_dp|0.05,0.8211382113821138,0.8201800847457628,-0.27777777777777785,0.1694915254237288,-0.1827100992654897,0.10693846616688796,123,33,0.7362204724409449,0.735337925898343,-0.022546897546897537,0.1166666666666667,0.00105474457540089,0.07192588066842798,254,56
49,fedfuel_dp,0.1,0.1,fedfuel_dp|0.1,0.7886178861788617,0.7902542372881356,-0.2303030303030303,0.05423728813559325,-0.15481346771497317,0.05480163264072546,123,33,0.7519685039370079,0.7528393222863526,-0.02056277056277056,0.1597701149425288,0.0008455213941472861,0.12122437728932878,254,56
49,fedfuel_dp,0.2,0.1,fedfuel_dp|0.2,0.7804878048780488,0.7797934322033898,-0.26666666666666666,0.003389830508474634,-0.22636626510498314,0.08176300036888651,123,33,0.7204724409448819,0.7205672438403774,-0.027958152958152904,-0.05747126436781613,-0.061234598101226334,-0.040212327784088675,254,56
49,fedfuel_dp,0.4,0.1,fedfuel_dp|0.4,0.7073170731707317,0.7028601694915254,-0.016161616161616155,0.2033898305084746,0.008760670348934019,0.19744801654902644,123,33,0.6299212598425197,0.6255818283373673,0.2763347763347763,0.1166666666666667,0.25584415186664844,0.12449752446672158,254,56
49,fedfuel_eo,0.025,0.1,fedfuel_eo|0.025,0.8373983739837398,0.837791313559322,-0.398989898989899,-0.24745762711864405,-0.3361332484229345,-0.1319832102727081,123,33,0.7637795275590551,0.7642897039657419,-0.19606782106782106,-0.01666666666666672,-0.19697542053050643,-0.07270397759288894,254,56
49,fedfuel_eo,0.05,0.1,fedfuel_eo|0.05,0.7804878048780488,0.7817796610169492,-0.24141414141414136,0.05423728813559325,-0.1796345101311953,-0.0005678984320769409,123,33,0.7401574803149606,0.7413889406069634,-0.09704184704184704,0.1103448275862069,-0.05055491733237094,0.10446905491381198,254,56
49,fedfuel_eo,0.1,0.1,fedfuel_eo|0.1,0.8211382113821138,0.8228283898305084,-0.31313131313131315,0.02033898305084747,-0.22036793888029121,0.07627830947354686,123,33,0.7362204724409449,0.7360826661701731,-0.08387445887445882,0.14252873563218393,-0.06613340567257175,0.05200166807178108,254,56
49,fedfuel_eo,0.2,0.1,fedfuel_eo|0.2,0.8048780487804879,0.8025688559322034,-0.4878787878787878,-0.06440677966101693,-0.4418735751494144,-0.0807660274081311,123,33,0.7480314960629921,0.7455470737913485,-0.29437229437229434,-0.1028735632183908,-0.27524720405112196,-0.12364344660877835,254,56
49,fedfuel_eo,0.4,0.1,fedfuel_eo|0.4,0.8130081300813008,0.8150158898305084,-0.3434343434343434,-0.1796610169491526,-0.35231954090843126,-0.18557474089617232,123,33,0.7401574803149606,0.7413889406069634,-0.05122655122655123,-0.04022988505747127,-0.0433406661385623,-0.007125136886196759,254,56
50,fedavg,0.0,0.3,fedavg|0.0,0.7886178861788617,0.7869438559322034,-0.43834586466165415,-0.2321428571428571,-0.46647577579221833,-0.3397333649585822,123,28,0.7440944881889764,0.7414820331409422,-0.5514069264069265,-0.47931034482758617,-0.418598179269083,-0.3821483188153555,254,56
50,fairtrade_dp_local,1.0,0.3,fairtrade_dp_local|1,0.7642276422764228,0.7628442796610169,-0.3353383458646617,-0.1964285714285714,-0.28850119775594424,-0.13641192531213164,123,28,0.7440944881889764,0.7417302798982188,-0.15187590187590183,-0.018965517241379293,-0.17066516278405347,-0.10371620522051972,254,56
50,fairtrade_dp_local,3.0,0.3,fairtrade_dp_local|3,0.7560975609756098,0.7543697033898304,-0.29962406015037596,-0.1964285714285714,-0.17857004942624533,-0.05041943789858905,123,28,0.7322834645669292,0.7295351579469993,-0.07539682539682546,-0.018965517241379293,-0.047373923779805205,-0.0030582162139445312,254,56
50,fairtrade_dp_local,10.0,0.3,fairtrade_dp_local|10,0.7560975609756098,0.7530455508474576,-0.06428571428571428,0.0535714285714286,-0.049351141584995095,0.09108816233596628,123,28,0.7086614173228346,0.7046484205300069,0.05735930735930739,0.039080459770114984,0.04842272994960528,0.04951997061645419,254,56
50,fairtrade_dp_local,30.0,0.3,fairtrade_dp_local|30,0.7317073170731707,0.7262976694915254,0.0007518796992481702,0.1607142857142857,0.0035510280197555977,0.15259487913655378,123,28,0.7086614173228346,0.7041519270154534,0.08297258297258303,0.02183908045977012,0.0895786928490051,0.06693579665513638,254,56
50,fairtrade_dp_local,100.0,0.3,fairtrade_dp_local|100,0.6991869918699187,0.6957097457627119,-0.12105263157894741,-0.1785714285714286,-0.12382390226370527,-0.0334194644321022,123,28,0.7165354330708661,0.7127785018308199,0.044552669552669566,0.11436781609195401,0.02892527426819791,0.02840460162548264,254,56
50,fairtrade_dp_local,300.0,0.3,fairtrade_dp_local|300,0.7560975609756098,0.7556938559322034,-0.30375939849624056,-0.1607142857142857,-0.23539260808373313,-0.10812892470026525,123,28,0.7401574803149606,0.7379134860050891,-0.009379509379509376,-0.010344827586206806,-0.02829331035691518,0.025271523928064088,254,56
50,fairtrade_dp_local,1000.0,0.3,fairtrade_dp_local|1000,0.7560975609756098,0.7503972457627119,-0.2409774436090225,-0.017857142857142905,-0.19239292310167222,-0.027803262518968253,123,28,0.7401574803149606,0.736175758704152,-0.05717893217893222,-0.07068965517241377,-0.03677417174798925,-0.012399408174059823,254,56
50,fairtrade_eo_local,1.0,0.3,fairtrade_eo_local|1,0.7723577235772358,0.7713188559322034,-0.4172932330827067,-0.1964285714285714,-0.38104419686686675,-0.23936988173850948,123,28,0.7480314960629921,0.745050580276795,-0.3832972582972583,-0.1954022988505747,-0.31346487132512385,-0.2472705211923939,254,56
50,fairtrade_eo_local,3.0,0.3,fairtrade_eo_local|3,0.7804878048780488,0.7791313559322034,-0.381578947368421,-0.2142857142857143,-0.3455129345143047,-0.1940598344164235,123,28,0.7440944881889764,0.7417302798982188,-0.28932178932178937,-0.16954022988505746,-0.24885641111675055,-0.18414483818562766,254,56
50,fairtrade_eo_local,10.0,0.3,fairtrade_eo_local|10,0.7804878048780488,0.7791313559322034,-0.381578947368421,-0.2142857142857143,-0.33069237891050257,-0.19389109286878792,123,28,0.7440944881889764,0.7427232669273258,-0.2947330447330447,-0.13505747126436785,-0.23553050282079668,-0.1732801818872277,254,56
50,fairtrade_eo_local,30.0,0.3,fairtrade_eo_local|30,0.7642276422764228,0.7635063559322034,-0.3605263157894737,-0.1785714285714286,-0.33503197495008497,-0.1630655611765438,123,28,0.7244094488188977,0.7206603363743561,-0.23033910533910534,-0.04482758620689653,-0.19568124762958844,-0.05960148376728491,254,56
50,fairtrade_eo_local,100.0,0.3,fairtrade_eo_local|100,0.7317073170731707,0.7269597457627119,-0.30187969924812036,-0.1071428571428571,-0.25362532708432384,-0.08721407476280418,123,28,0.7086614173228346,0.7039036802581766,-0.13329725829725825,-0.13735632183908053,-0.11680664576737554,-0.045601943273354095,254,56
50,fairtrade_eo_local,300.0,0.3,fairtrade_eo_local|300,0.7154471544715447,0.710010593220339,-0.13796992481203008,0.0357142857142857,-0.15830806690126858,0.05818228941279813,123,28,0.6889763779527559,0.6848197107925278,-0.08513708513708518,-0.018965517241379293,-0.10360532750026663,-0.03924072346002416,254,56
50,fairtrade_eo_local,1000.0,0.3,fairtrade_eo_local|1000,0.6341463414634146,0.6351959745762712,-0.4360902255639098,-0.2678571428571429,-0.40741057158248656,-0.3099766252627286,123,28,0.6023622047244095,0.6045739465028238,-0.1432178932178932,-0.15172413793103445,-0.15996173411485898,-0.15208735788928396,254,56
50,fairtrade_eo_global,1.0,0.3,fairtrade_eo_global|1,0.7723577235772358,0.7713188559322034,-0.4172932330827067,-0.1964285714285714,-0.39369090987532224,-0.24599776862721356,123,28,0.7362204724409449,0.7331037050828524,-0.3654401154401154,-0.18678160919540232,-0.3132633707664328,-0.2435274365475808,254,56
50,fairtrade_eo_global,3.0,0.3,fairtrade_eo_global|3,0.7560975609756098,0.753707627118644,-0.3206766917293233,-0.2142857142857143,-0.30901495499932036,-0.1750006857993347,123,28,0.7362204724409449,0.7328554583255755,-0.23809523809523808,-0.04482758620689653,-0.20702757406853806,-0.1356515806773142,254,56
50,fairtrade_eo_global,10.0,0.3,fairtrade_eo_global|10,0.7560975609756098,0.7550317796610169,-0.2323308270676691,-0.1785714285714286,-0.17209005413342376,-0.0665852481366268,123,28,0.7283464566929134,0.7254701172965928,-0.011724386724386693,0.056321839080459846,-0.03972421562541706,-0.020789522190588938,254,56
50,fairtrade_eo_global,30.0,0.3,fairtrade_eo_global|30,0.7642276422764228,0.7635063559322034,-0.08308270676691731,-0.0357142857142857,-0.09413390065306143,-0.006150174453588453,123,28,0.7244094488188977,0.7221498169180165,-0.009379509379509376,0.1574712643678161,-0.0015115549614095336,0.10156080146807234,254,56
50,fairtrade_eo_global,100.0,0.3,fairtrade_eo_global|100,0.7560975609756098,0.753707627118644,-0.043233082706766957,0.0714285714285714,-0.05185419702412264,0.021159218258357426,123,28,0.7322834645669292,0.7310246384906597,0.031024531024530955,0.18333333333333335,0.015583912081139406,0.10538738796650693,254,56
50,fairtrade_eo_global,300.0,0.3,fairtrade_eo_global|300,0.7642276422764228,0.7621822033898304,-0.07894736842105265,0.0714285714285714,-0.04519903310155782,0.027640526651729114,123,28,0.7440944881889764,0.7439645007137095,-0.03805916305916307,0.05862068965517242,-0.00454060811198187,0.0719742609791112,254,56
50,fairtrade_eo_global,1000.0,0.3,fairtrade_eo_global|1000,0.7642276422764228,0.7641684322033898,-0.20075187969924807,-0.1607142857142857,-0.20008984553933185,-0.16050361291127047,123,28,0.7716535433070866,0.7704338112083411,-0.037698412698412676,0.14022988505747125,-0.05537071192621257,0.09419113732127882,254,56
50,fedfb,0.003,0.3,fedfb|0.003,0.7642276422764228,0.7621822033898304,-0.44887218045112776,-0.2142857142857143,-0.44591560776901695,-0.32675693234029624,123,28,0.7637795275590551,0.7618072363929747,-0.5261544011544012,-0.40402298850574714,-0.38896321150188923,-0.34760419178550694,254,56
50,fedfb,0.01,0.3,fedfb|0.01,0.7723577235772358,0.7706567796610169,-0.43834586466165415,-0.2142857142857143,-0.408235658358133,-0.2720555718489257,123,28,0.7440944881889764,0.7409855396263887,-0.3883477633477634,-0.1954022988505747,-0.3228004962366903,-0.25458063582044044,254,56
50,fedfb,0.03,0.3,fedfb|0.03,0.7560975609756098,0.7543697033898304,-0.3458646616541353,-0.1964285714285714,-0.29709537828724514,-0.15777394275314038,123,28,0.7480314960629921,0.7452988270340719,-0.1899350649350649,-0.036206896551724044,-0.1731878658322366,-0.10600220328892695,254,56
50,fedfb,0.1,0.3,fedfb|0.1,0.7642276422764228,0.7635063559322034,-0.2680451127819548,-0.1785714285714286,-0.18718293632373662,-0.06063407992145842,123,28,0.7283464566929134,0.7262148575684231,-0.07305194805194803,0.006896551724137945,-0.04341198380886668,-0.0036587829099453684,254,56
50,fedfb,0.3,0.3,fedfb|0.3,0.7642276422764228,0.7635063559322034,-0.2680451127819548,-0.1785714285714286,-0.18807050588232627,-0.061111426845725125,123,28,0.7283464566929134,0.7262148575684231,-0.07305194805194803,0.006896551724137945,-0.04463503821796644,-0.004245822847387282,254,56
50,fedfb,1.0,0.3,fedfb|1,0.7398373983739838,0.7407309322033898,-0.21541353383458645,-0.1071428571428571,-0.15063777143421014,-0.011384597547086206,123,28,0.7480314960629921,0.7485260348786694,-0.0357142857142857,0.07586206896551728,-0.03902952978849433,0.010463583482771877,254,56
50,fedfb,3.0,0.3,fedfb|3,0.7073170731707317,0.7141154661016949,-0.11842105263157893,0.0892857142857143,-0.04649544955567819,0.1305433185895838,123,28,0.7047244094488189,0.7105132501706697,0.021103896103896125,0.15804597701149425,0.06909235129395364,0.21073634710196998,254,56
50,fedfuel_dp,0.025,0.3,fedfuel_dp|0.025,0.7154471544715447,0.7172934322033898,-0.2763157894736842,-0.0535714285714286,-0.2527151897861291,-0.13321354716442457,123,28,0.7401574803149606,0.7403959535778564,-0.06872294372294369,0.0005747126436781436,-0.07799521342482524,-0.016565842426796484,254,56
50,fedfuel_dp,0.05,0.3,fedfuel_dp|0.05,0.7479674796747967,0.7465572033898304,-0.3353383458646617,-0.1785714285714286,-0.3209848782992957,-0.17714902951515143,123,28,0.7677165354330708,0.766865264072488,-0.20580808080808077,0.006896551724137945,-0.20331140341112713,-0.07749463932738554,254,56
50,fedfuel_dp,0.1,0.3,fedfuel_dp|0.1,0.7235772357723578,0.7231197033898304,-0.0725563909774436,0.017857142857142905,-0.07846430558311662,-0.00392311763113995,123,28,0.7244094488188977,0.7238875442189536,0.015512265512265477,-0.008045977011494343,0.019848305520160148,0.005476974013402747,254,56
50,fedfuel_dp,0.2,0.3,fedfuel_dp|0.2,0.7235772357723578,0.7231197033898304,-0.2575187969924812,-0.125,-0.25657850286136324,-0.12083775590075929,123,28,0.7598425196850394,0.7604729100726122,-0.14520202020202022,0.14252873563218393,-0.15071501793273856,0.14190223861618967,254,56
50,fedfuel_dp,0.4,0.3,fedfuel_dp|0.4,0.5447154471544715,0.5499205508474576,0.3481203007518798,0.5178571428571428,0.3317601839757907,0.4873374870799922,123,28,0.5708661417322834,0.5750325823868926,0.21248196248196244,0.32816091954022986,0.22346578708464143,0.3399868105055135,254,56
50,fedfuel_eo,0.025,0.3,fedfuel_eo|0.025,0.7642276422764228,0.7641684322033898,-0.33947368421052626,-0.1607142857142857,-0.3288590290181906,-0.17691588305336026,123,28,0.7677165354330708,0.767858251101595,-0.3257575757575758,-0.10919540229885061,-0.26443610893976355,-0.16633139469007818,254,56
50,fedfuel_eo,0.05,0.3,fedfuel_eo|0.05,0.7642276422764228,0.7641684322033898,-0.33947368421052626,-0.1607142857142857,-0.3748229934858972,-0.2502557338281933,123,28,0.7362204724409449,0.7363309129274499,-0.4173881673881673,-0.3758620689655172,-0.3394817790874696,-0.28295591233763845,254,56
50,fedfuel_eo,0.1,0.3,fedfuel_eo|0.1,0.7073170731707317,0.7101430084745763,-0.1522556390977443,0.125,-0.17056226425638144,0.07314849209438634,123,28,0.6732283464566929,0.6737727300937131,-0.09938672438672436,-0.214367816091954,-0.11337037429444519,-0.1665412607711697,254,56
50,fedfuel_eo,0.2,0.3,fedfuel_eo|0.2,0.7723577235772358,0.7726430084745763,-0.28270676691729324,-0.1607142857142857,-0.2827414572344007,-0.09818992809298,123,28,0.7362204724409449,0.7358344194128965,-0.07106782106782106,0.13390804597701156,-0.06992754746144131,0.10729881643738814,254,56
50,fedfuel_eo,0.4,0.3,fedfuel_eo|0.4,0.6585365853658537,0.655323093220339,0.1669172932330827,0.3035714285714286,0.16068802474259414,0.2736494547113709,123,28,0.5984251968503937,0.5970334512505431,0.2142857142857143,0.17931034482758623,0.17003442910656585,0.15420721843649376,254,56
51,fedavg,0.0,0.3,fedavg|0.0,0.8048780487804879,0.8038930084745763,-0.4051724137931034,0.032581453634085156,-0.41787279446112435,-0.05609481546439621,123,36,0.7834645669291339,0.7826289331595606,-0.27453102453102446,-0.08563218390804606,-0.2844218029072817,-0.15945434691063287,254,56
51,fairtrade_dp_local,1.0,0.3,fairtrade_dp_local|1,0.8211382113821138,0.8195180084745763,-0.38888888888888884,0.1578947368421053,-0.3540215007465697,0.041672279470061024,123,36,0.8070866141732284,0.8065226835474462,-0.17279942279942279,0.04770114942528736,-0.19119670589234072,-0.07340888526590394,254,56
51,fairtrade_dp_local,3.0,0.3,fairtrade_dp_local|3,0.8292682926829268,0.8286546610169492,-0.3544061302681992,0.17543859649122806,-0.26564491627259734,0.12191978954058835,123,36,0.7874015748031497,0.7869422205672438,-0.07611832611832614,0.0735632183908046,-0.09187060915851564,0.008276575555404064,254,56
51,fairtrade_dp_local,10.0,0.3,fairtrade_dp_local|10,0.7723577235772358,0.7706567796610169,-0.2710727969348659,0.21052631578947367,-0.19699830426816684,0.17060852129208415,123,36,0.7637795275590551,0.7628002234220815,-0.02759740259740251,0.08218390804597708,-0.004779898266215277,0.055251443816413226,254,56
51,fairtrade_dp_local,30.0,0.3,fairtrade_dp_local|30,0.8130081300813008,0.8117055084745763,-0.2988505747126437,0.17543859649122806,-0.19754119540058018,0.18445401958990515,123,36,0.7480314960629921,0.7477812946068392,0.025613275613275643,0.12528735632183907,0.0033401517237134914,0.07562694448720786,254,56
51,fairtrade_dp_local,100.0,0.3,fairtrade_dp_local|100,0.7560975609756098,0.7530455508474576,-0.1599616858237548,0.19298245614035092,-0.1485509205894131,0.20825712883700254,123,36,0.7362204724409449,0.7340966921119593,0.018578643578643583,0.0735632183908046,0.007261450319158924,0.0400473481889857,254,56
51,fairtrade_dp_local,300.0,0.3,fairtrade_dp_local|300,0.6910569105691057,0.6859110169491525,-0.07183908045977005,0.21052631578947367,-0.07161817593694098,0.20722471297669565,123,36,0.6771653543307087,0.6716316018122013,0.04256854256854259,0.09712643678160926,0.04537009720546736,0.054900064781044255,254,56
51,fairtrade_dp_local,1000.0,0.3,fairtrade_dp_local|1000,0.6666666666666666,0.6598252118644068,-0.05076628352490431,0.19298245614035092,-0.09441266565249085,0.17658784704529862,123,36,0.7007874015748031,0.6947806119282567,0.022366522366522368,-0.096551724137931,0.012298954882816293,-0.05689916206914769,254,56
51,fairtrade_eo_local,1.0,0.3,fairtrade_eo_local|1,0.8130081300813008,0.8110434322033898,-0.40038314176245204,0.1578947368421053,-0.3541415221891027,0.06047666318863998,123,36,0.7913385826771654,0.7905107677030969,-0.18290043290043295,0.056321839080459846,-0.182141430185628,-0.04984813856774539,254,56
51,fairtrade_eo_local,3.0,0.3,fairtrade_eo_local|3,0.7886178861788617,0.7862817796610169,-0.41187739463601536,0.17543859649122806,-0.317284540121597,0.10447548758845426,123,36,0.7716535433070866,0.7709303047228946,-0.132034632034632,0.08218390804597708,-0.14719674834147672,-0.022784799236761466,254,56
51,fairtrade_eo_local,10.0,0.3,fairtrade_eo_local|10,0.7886178861788617,0.7869438559322034,-0.3103448275862069,0.19298245614035092,-0.2564560184754803,0.16435385890361065,123,36,0.7559055118110236,0.7546701421212685,-0.10642135642135642,0.08218390804597708,-0.10702136624184494,0.011252127266649592,254,56
51,fairtrade_eo_local,30.0,0.3,fairtrade_eo_local|30,0.7886178861788617,0.7862817796610169,-0.3333333333333333,0.17543859649122806,-0.26088471529769824,0.1592064449717676,123,36,0.7598425196850394,0.7584869360143983,-0.08856421356421357,0.0735632183908046,-0.07473764529274995,0.04983934680877744,254,56
51,fairtrade_eo_local,100.0,0.3,fairtrade_eo_local|100,0.7804878048780488,0.7778072033898304,-0.26628352490421453,0.17543859649122806,-0.24560280701525106,0.17476936777642837,123,36,0.7283464566929134,0.7252218705393161,-0.06764069264069261,0.04770114942528736,-0.07445073689110326,0.017936317775741006,254,56
51,fairtrade_eo_local,300.0,0.3,fairtrade_eo_local|300,0.7886178861788617,0.7869438559322034,-0.34961685823754785,0.19298245614035092,-0.3107432615863524,0.17015818730206755,123,36,0.7677165354330708,0.7671135108297648,-0.14989177489177485,0.015517241379310431,-0.15497429626899395,0.023031498779570003,254,56
51,fairtrade_eo_local,1000.0,0.3,fairtrade_eo_local|1000,0.5284552845528455,0.5395921610169492,-0.16475095785440613,-0.2982456140350877,-0.1557841877349331,-0.25399741949021765,123,36,0.4645669291338583,0.4729721343014957,0.06854256854256852,0.21896551724137933,0.05824443303566956,0.2048328691888058,254,56
51,fairtrade_eo_global,1.0,0.3,fairtrade_eo_global|1,0.8130081300813008,0.8117055084745763,-0.37739463601532564,0.17543859649122806,-0.35972955499925574,0.053970629344682663,123,36,0.7913385826771654,0.7902625209458202,-0.193001443001443,0.04770114942528736,-0.19963375892408508,-0.054046784875507625,254,56
51,fairtrade_eo_global,3.0,0.3,fairtrade_eo_global|3,0.8048780487804879,0.8038930084745763,-0.36590038314176243,0.19298245614035092,-0.31184750654863125,0.11574901969062357,123,36,0.7677165354330708,0.7663687705579346,-0.1114718614718615,0.06494252873563222,-0.12935595312505205,0.00749353306560685,254,56
51,fairtrade_eo_global,10.0,0.3,fairtrade_eo_global|10,0.7560975609756098,0.7550317796610169,-0.051724137931034475,0.24561403508771928,-0.05445162940862269,0.2580664024891375,123,36,0.7204724409448819,0.7198225035685472,0.1708152958152958,0.14252873563218393,0.15251650800222927,0.175028695743638,254,56
51,fairtrade_eo_global,30.0,0.3,fairtrade_eo_global|30,0.7886178861788617,0.7882680084745763,-0.421455938697318,0.06766917293233077,-0.39706486968899646,-0.010284355813567347,123,36,0.7952755905511811,0.7950723018680568,-0.24927849927849927,-0.07701149425287357,-0.291721834444479,-0.16065324250670232,254,56
51,fairtrade_eo_global,100.0,0.3,fairtrade_eo_global|100,0.7723577235772358,0.7706567796610169,-0.38888888888888884,0.05012531328320802,-0.37396711208733474,0.05251522208904624,123,36,0.7952755905511811,0.7925898342952895,-0.32738095238095233,-0.16321839080459777,-0.3116249713404976,-0.17318656365471774,254,56
51,fairtrade_eo_global,300.0,0.3,fairtrade_eo_global|300,0.7560975609756098,0.7563559322033898,-0.24137931034482757,0.12030075187969924,-0.2860738804948279,0.10748006289437961,123,36,0.7716535433070866,0.7729162787811084,-0.16576479076479078,0.0005747126436781436,-0.1786890267990951,-0.029841769514883154,254,56
51,fairtrade_eo_global,1000.0,0.3,fairtrade_eo_global|1000,0.7642276422764228,0.7628442796610169,-0.2988505747126437,0.06766917293233077,-0.2616978595664327,0.10502820703308935,123,36,0.7362204724409449,0.7350896791410662,-0.21590909090909094,-0.042528735632183956,-0.21316094423626014,-0.049416004571606664,254,56
51,fedfb,0.003,0.3,fedfb|0.003,0.8130081300813008,0.8117055084745763,-0.41666666666666663,0.015037593984962405,-0.4116323638508468,-0.041846352290912936,123,36,0.7952755905511811,0.7945758083535034,-0.24657287157287155,-0.018965517241379293,-0.27251163994843713,-0.1412413163453169,254,56
51,fedfb,0.01,0.3,fedfb|0.01,0.8130081300813008,0.8117055084745763,-0.41666666666666663,0.015037593984962405,-0.3781195145400983,0.012995841243026551,123,36,0.7992125984251969,0.7983926022466332,-0.18290043290043295,0.04770114942528736,-0.21834331278522562,-0.08332334614048398,254,56
51,fedfb,0.03,0.3,fedfb|0.03,0.8211382113821138,0.8201800847457628,-0.36590038314176243,0.17543859649122806,-0.3074405998842598,0.09904040464837305,123,36,0.7795275590551181,0.778563892509154,-0.09632034632034625,0.06494252873563222,-0.1181107869235366,0.005789303882368646,254,56
51,fedfb,0.1,0.3,fedfb|0.1,0.8130081300813008,0.8123675847457628,-0.3544061302681992,0.19298245614035092,-0.2560325474986785,0.14588655680791485,123,36,0.7716535433070866,0.7706820579656178,-0.0505050505050505,0.0735632183908046,-0.05587863844307339,0.04894202016775728,254,56
51,fedfb,0.3,0.3,fedfb|0.3,0.8130081300813008,0.8123675847457628,-0.3544061302681992,0.19298245614035092,-0.26177277941866933,0.14266295630232728,123,36,0.7755905511811023,0.7747470986160243,-0.06836219336219335,0.0735632183908046,-0.06676946338037676,0.0451978734962043,254,56
51,fedfb,1.0,0.3,fedfb|1,0.8048780487804879,0.8045550847457628,-0.342911877394636,0.21052631578947367,-0.2382401262197672,0.1553724848135446,123,36,0.7677165354330708,0.7671135108297648,-0.03535353535353536,0.09080459770114946,-0.0347245388589047,0.06853955728323036,254,56
51,fedfb,3.0,0.3,fedfb|3,0.7560975609756098,0.7563559322033898,-0.12356321839080459,0.2807017543859649,-0.07108594472470986,0.3003086791727412,123,36,0.7204724409448819,0.721808477626761,0.15999278499278502,0.21149425287356327,0.16825122252019797,0.22629585832942167,254,56
51,fedfuel_dp,0.025,0.3,fedfuel_dp|0.025,0.8048780487804879,0.8038930084745763,-0.2873563218390805,0.19298245614035092,-0.22570915891471321,0.15204129065795424,123,36,0.7598425196850394,0.7594799230435052,-0.025252525252525304,0.10804597701149432,-0.01125182423264881,0.07483598565275984,254,56
51,fedfuel_dp,0.05,0.3,fedfuel_dp|0.05,0.8130081300813008,0.8130296610169492,-0.2921455938697318,0.21052631578947367,-0.16896555857374718,0.24355079828414905,123,36,0.7283464566929134,0.729938558927574,0.009740259740259771,0.21149425287356327,0.04353053014919306,0.1811604614139417,254,56
51,fedfuel_dp,0.1,0.3,fedfuel_dp|0.1,0.7560975609756098,0.7570180084745763,-0.17911877394636017,0.137844611528822,-0.14266899675139094,0.2086977699534308,123,36,0.6850393700787402,0.6859678520449326,0.14484126984126988,0.2373563218390805,0.1471614095779884,0.2303552772467643,254,56
51,fedfuel_dp,0.2,0.3,fedfuel_dp|0.2,0.7642276422764228,0.7648305084745763,-0.15134099616858238,0.2807017543859649,-0.15036893111745198,0.27877383951416923,123,36,0.7598425196850394,0.7602246633153354,-0.10948773448773452,0.05862068965517242,-0.11657857867328347,0.060983122490194,254,56
51,fedfuel_dp,0.4,0.3,fedfuel_dp|0.4,0.7642276422764228,0.7654925847457628,-0.20689655172413796,0.137844611528822,-0.21518151867961294,0.14620941664370224,123,36,0.7244094488188977,0.7263700117917209,0.047799422799422786,0.22873563218390802,0.05479719769224384,0.228931068561941,254,56
51,fedfuel_eo,0.025,0.3,fedfuel_eo|0.025,0.8211382113821138,0.8208421610169492,-0.382183908045977,0.032581453634085156,-0.3594986865675198,0.05545249581687095,123,36,0.7834645669291339,0.7831254266741141,-0.18560606060606055,0.006896551724137945,-0.20077157362582954,-0.05701411782453458,254,56
51,fedfuel_eo,0.05,0.3,fedfuel_eo|0.05,0.7560975609756098,0.7570180084745763,-0.2576628352490421,0.137844611528822,-0.215102288902557,0.13414187506761777,123,36,0.7440944881889764,0.7459504747719233,-0.09469696969696972,-0.02298850574712652,-0.06828380294605618,0.0351530330801576,254,56
51,fedfuel_eo,0.1,0.3,fedfuel_eo|0.1,0.7154471544715447,0.7159692796610169,-0.22988505747126436,0.1729323308270676,-0.20837377785535027,0.1645157691537703,123,36,0.7086614173228346,0.7103580959473716,-0.09974747474747475,0.011494252873563204,-0.06811699069420968,0.066279473495096,254,56
51,fedfuel_eo,0.2,0.3,fedfuel_eo|0.2,0.8130081300813008,0.8110434322033898,-0.36111111111111105,0.1578947368421053,-0.24689077353322392,0.2008029334456456,123,36,0.6889763779527559,0.6875504251225719,0.04888167388167386,0.1511494252873563,0.04048926337355907,0.1416222679700726,254,56
51,fedfuel_eo,0.4,0.3,fedfuel_eo|0.4,0.5203252032520326,0.5370762711864407,0.22701149425287356,0.8220551378446115,0.20072919365229117,0.7642034147951868,123,36,0.49606299212598426,0.508967914106622,0.2961760461760462,0.5655172413793104,0.2945938956527072,0.6062430486940841,254,56
